ID,Client_Income,Car_Owned,Bike_Owned,Active_Loan,House_Own,Child_Count,Credit_Amount,Loan_Annuity,Accompany_Client,Client_Income_Type,Client_Education,Client_Marital_Status,Client_Gender,Loan_Contract_Type,Client_Housing_Type,Population_Region_Relative,Age_Days,Employed_Days,Registration_Days,ID_Days,Own_House_Age,Mobile_Tag,Homephone_Tag,Workphone_Working,Client_Occupation,Client_Family_Members,Cleint_City_Rating,Application_Process_Day,Application_Process_Hour,Client_Permanent_Match_Tag,Client_Contact_Work_Tag,Type_Organization,Score_Source_1,Score_Source_2,Score_Source_3,Social_Circle_Default,Phone_Change,Credit_Bureau
12202227,11250,0,1,1,1,0,112500,4474.8,Relative,Service,,M,Male,CL,Home,0.019101,20063,2523,2318,3318,,1,0,0,,,2,4,16,Yes,Yes,Self-employed,,0.757150809,0.629674251,0.0515,716,2
12279381,13500,1,1,1,1,3,49752,3252.15,Alone,Service,Secondary,M,Female,CL,Home,0.0105,13200,551,6972,3865,6,1,1,0,Laborers,5,3,3,18,No,Yes,Self-employed,,0.342269008,,,181,
12222714,38250,0,1,0,1,0,67500,3375,Alone,Commercial,Graduation,M,Female,RL,Home,0.032561,15943,1319,981,2296,,1,0,1,Managers,2,1,2,19,Yes,Yes,Business Entity Type 3,,0.683664701,,0.1503,281,
12265215,20250,0,0,1,0,0,50849.55,3814.65,Alone,Govt Job,Secondary,S,Male,CL,,0.01452,15634,1510,4975,6121,,1,1,1,,1,2,6,20,No,No,Medicine,0.351580677,0.229950297,0.67224289,,1442,4
12203970,13500,1,1,0,1,0,43603.2,2515.95,Alone,Service,Secondary,M,Female,CL,Home,0.008625,15811,1075,5478,3618,7,1,0,0,Managers,2,2,1,13,Yes,Yes,Self-employed,0.73111046,0.56697104,0.73098737,,927,1
12219891,13500,0,0,1,1,0,110499.75,3664.8,Alone,Retired,Secondary,S,Male,CL,Home,0.019101,22164,365243,14202,4626,,1,0,0,,1,2,4,12,Yes,Yes,XNA,,,0.746300213,0.1052,1235,1
12279775,11250,1,1,0,1,0,53366.85,2273.85,Alone,Govt Job,Secondary,M,Female,CL,Home,0.031329,17278,2598,3260,784,4,1,0,0,Core,2,2,2,8,Yes,No,Security Ministries,0.559248418,0.456117503,0.37571101,,2154,4
12250293,13500,0,0,0,1,0,94500,2776.05,Alone,Service,Secondary,W,Male,CL,Home,,17487,197,9393,1020,,1,0,0,Laborers,1,2,1,18,Yes,Yes,Business Entity Type 3,,0.761308021,0.517296581,0.0119,495,1
12231470,18000,1,0,0,1,0,53747.1,5801.4,Alone,Commercial,Secondary,M,Female,CL,Home,0.072508,9788,2309,4484,2470,3,1,0,0,Laborers,2,1,3,13,Yes,Yes,Industry: type 11,0.431516493,0.687017551,0.712155155,0.0845,1776,5
12270152,22500,0,0,0,0,0,126773.55,3719.7,Alone,Service,Secondary,M,Female,CL,,0.007305,16793,616,1012,347,,1,0,1,Laborers,2,3,5,13,Yes,Yes,Other,0.585468866,0.382493015,0.605836265,0.0928,1752,0
12215950,11250,1,0,0,1,0,45000,2454.3,Alone,Service,Secondary,M,Male,CL,Home,0.018209,15028,952,450,3264,15,1,1,0,Laborers,2,3,6,10,Yes,Yes,Trade: type 3,,,0.538862707,,3671,
12222198,20250,0,0,0,1,0,65700,,Alone,Service,Secondary,M,Male,CL,Home,0.010006,19301,3330,5794,2827,,1,0,0,Managers,2,2,3,9,Yes,Yes,Industry: type 9,0.494876082,0.681684568,,0.1979,1733,
12208930,15750,1,1,1,1,0,54000,2700,Alone,Service,Secondary,M,Female,RL,Home,0.0228,18102,281,2820,1661,17,1,1,1,Drivers,2,2,4,8,Yes,No,Transport: type 4,0.426274629,0.548276778,0.58499004,,824,4
12209654,18000,0,0,0,0,0,45000,3287.7,Alone,Service,Secondary,M,Male,CL,Home,0.01452,10975,1405,388,991,,1,0,0,,2,2,1,9,No,Yes,Business Entity Type 3,0.201505628,0.33079099,0.678567689,,284,0
12227001,27000,0,1,0,1,0,107820,3491.1,Alone,Commercial,Secondary,M,Male,CL,Municipal,0.032561,15368,3817,9509,4571,,1,0,1,,2,1,1,17,Yes,Yes,Business Entity Type 3,,0.61208851,0.6075573,0.0619,1524,0
12256841,15750,1,0,0,1,0,157500,4344.3,Alone,Service,Graduation,M,,CL,Home,0.0228,21627,822,1784,4807,14,1,0,0,Drivers,2,2,,10,Yes,No,Business Entity Type 3,,0.44286651,,,510,1
12213014,13500,1,1,1,1,0,24750,1997.1,Alone,Service,Graduation,M,Female,CL,Home,0.018209,18493,1340,933,,12,1,0,0,IT,2,3,5,11,Yes,Yes,Self-employed,0.724198312,0.322012189,0.547810466,0.1031,442,2
12264641,27000,,0,0,1,0,120462.3,6250.5,Relative,Service,,M,,CL,Home,0.006629,20795,2060,28,4005,10,1,0,0,Core,2,2,2,6,Yes,Yes,Hotel,,0.670455237,0.735220999,0.1278,992,0
12236406,15750,1,0,0,1,1,90000,4795.2,Relative,Service,Graduation,M,Male,CL,Home,0.008625,11453,1671,5135,690,6,1,0,0,Accountants,3,2,2,9,Yes,No,Self-employed,0.612164981,0.103732786,,,315,2
12203804,10350,0,1,0,1,0,57150,1683.9,Alone,Service,Secondary,D,Male,CL,Home,0.035792,19358,2663,13147,2891,,1,1,1,Sales,1,2,6,11,Yes,Yes,Business Entity Type 3,,0.683290973,0.565607981,,366,1
12271412,39600,1,0,1,1,0,100979.1,5392.8,Relative,Service,Graduation,M,Male,CL,Home,0.008625,19407,740,4455,2892,1,1,0,0,High skill tech,2,2,6,10,Yes,Yes,Construction,,0.636804933,0.511891802,,1749,4
12214717,22500,0,1,0,0,0,83560.5,2456.1,Alone,Service,Secondary,W,Male,CL,Home,0.003818,20133,5222,8170,3663,,1,0,0,Cleaning,1,2,4,6,Yes,Yes,Business Entity Type 3,,0.339115573,0.718032811,0.0536,0,2
12230975,40500,0,0,1,1,0,,2968.2,Alone,Commercial,Secondary,M,Male,CL,Home,0.010643,16035,945,8877,,,1,0,0,Cooking,2,2,,12,Yes,Yes,Industry: type 4,,0.624658572,0.634705531,0.0722,1958,7
12245022,12150,0,0,,1,0,75474,2219.85,Alone,Retired,Graduation,S,Male,CL,Home,0.018801,22524,365243,8760,4438,,1,0,0,,1,2,5,13,Yes,Yes,XNA,0.863745441,0.322532791,0.45969045,0.2227,2680,0
12238103,9000,0,1,0,0,0,18000,900,,Service,Secondary,S,Male,RL,Home,0.00496,12920,100,5986,4363,,1,0,1,Security,1,2,6,18,Yes,Yes,Security,0.096934281,0.603895681,0.374020803,0.0748,564,1
12245299,9000,0,1,1,1,0,39788.1,2234.7,Alone,Govt Job,Secondary,M,Male,CL,Home,0.006629,15684,4345,1719,4566,,1,0,0,,2,2,0,5,Yes,Yes,Kindergarten,,0.320715001,0.355638717,,0,1
12226324,7200,0,0,0,1,0,15300,726.3,Alone,Retired,Secondary,W,Male,CL,Home,0.025164,24669,365243,3645,4052,,1,0,0,,1,2,4,11,Yes,Yes,XNA,,0.638623711,0.802745476,,142,2
12229508,4500,0,0,0,0,2,18000,900,Alone,Service,Secondary,D,Male,RL,Home,0.009657,14874,865,3843,3946,,1,1,1,,3,2,2,9,Yes,No,Business Entity Type 3,,0.661754715,,,641,
12230353,17100,1,0,0,1,0,52128,2308.95,,Retired,,M,Female,CL,Home,0.00823,23333,365243,,1565,7,1,0,0,,2,2,1,13,Yes,Yes,XNA,,0.637825955,0.228883417,,195,0
12278620,27000,1,1,1,1,1,50143.5,3277.8,Alone,Service,Secondary,M,Female,CL,Home,0.016612,11898,1653,2287,3701,5,1,0,0,Drivers,3,2,2,17,Yes,Yes,Business Entity Type 3,,0.424100264,0.479448981,,956,5
12232107,28800,1,1,1,1,0,75519,3007.8,Alone,Commercial,Secondary,,,CL,Home,0.014464,21127,4686,10770,,18,1,0,0,High skill tech,2,2,5,7,Yes,Yes,Business Entity Type 3,0.526917392,0.565714309,0.72383699,0.0412,0,1
12202127,6750,0,0,0,1,0,26955,1154.7,Alone,Service,Secondary,W,Male,CL,Home,0.022625,16601,6057,6090,147,,1,1,0,Managers,1,2,5,10,Yes,Yes,Other,,0.257526502,0.643025564,0,0,0
12226159,13500,0,1,0,0,0,100606.95,3172.05,Kids,Retired,Secondary,W,Male,CL,Municipal,0.018029,21248,365243,1582,1641,,1,0,0,,1,3,5,10,Yes,Yes,XNA,0.588995592,0.611387337,,0.0608,1026,
12228263,,,1,1,1,0,52440.3,,Relative,Service,Secondary,M,Female,CL,Home,0.006852,19116,5302,8771,2591,5,1,0,0,Drivers,2,3,5,7,Yes,Yes,Business Entity Type 3,,0.387671064,0.758393062,0.1237,846,0
12256684,11250,1,0,0,0,0,36000,1371.15,Alone,Service,Graduation dropout,S,Female,CL,Family,0.018029,8256,855,935,935,15,1,1,0,Sales,1,2,1,5,No,Yes,Trade: type 2,,0.569648097,0.353987608,,313,5
12216987,18000,0,1,1,0,1,54504,2067.75,Alone,Service,Secondary,M,Female,CL,Home,0.015221,17572,1220,10165,1132,,1,1,0,Drivers,3,2,2,18,Yes,Yes,Business Entity Type 3,,,,0.0082,3000,
12215748,8100,0,1,1,1,0,80865,2377.35,Alone,Retired,Secondary,W,Male,CL,Home,0.0105,23113,365243,196,4928,,1,0,0,,1,3,5,13,Yes,Yes,XNA,,0.773744698,,,1142,
12213218,,0,1,0,1,2,20250,1012.5,Alone,Service,Graduation,M,Male,RL,Home,0.006852,13574,825,2862,4560,,1,0,0,Core,4,3,5,11,Yes,Yes,School,0.532385166,0.187662073,0.520897599,,1758,1
12209441,16650,0,1,0,1,0,133988.4,3697.65,Relative,Service,Graduation,M,Male,CL,Home,0.020713,21937,5484,6257,5393,,1,0,0,Medicine,2,2,1,10,Yes,Yes,Medicine,,0.476609722,,0.1351,659,1
12207284,13500,0,,0,0,0,76500,2236.5,Relative,Service,Graduation,S,Male,CL,Home,0.026392,14838,2260,2795,4527,,1,1,1,Core,1,2,6,12,Yes,Yes,Self-employed,,0.485152694,0.574446617,0.1237,2606,1
12202755,10350,0,1,0,0,0,45000,2766.15,Alone,Service,Secondary,M,Male,CL,Home,0.035792,16417,233,5269,5085,,1,0,1,Sales,2,2,5,12,Yes,Yes,Self-employed,,0.672914618,,,555,
12215498,10350,1,1,0,0,0,58500,1786.5,Alone,Retired,Secondary,S,Male,CL,Home,0.015221,20567,365243,10345,4048,10,1,0,0,,1,2,3,13,Yes,Yes,XNA,,0.768845927,0.357293268,,818,1
12204747,27000,1,0,,0,0,78192,2468.25,Alone,Service,Secondary,M,Female,CL,Municipal,0.020713,16854,2232,7581,386,15,1,0,0,Drivers,2,1,2,13,Yes,Yes,Government,,0.272577497,0.368968738,0.3639,2409,5
12236631,11025,0,0,1,1,0,27000,1350,Alone,Retired,Secondary,M,Male,RL,Home,0.005144,20960,365243,1084,4427,,1,0,1,,2,2,0,11,Yes,Yes,XNA,,0.666714618,0.475849909,,673,2
12240708,8100,0,0,0,1,0,67500,1986.75,Alone,Retired,Secondary,M,Male,CL,Home,0.028663,22621,365243,9371,,,1,0,0,,2,2,5,8,Yes,Yes,XNA,,0.22645324,0.403141677,,218,9
12239423,31500,1,0,0,1,1,107820,3165.3,Alone,,Graduation,M,Male,CL,Home,0.006671,16967,2604,2448,485,12,1,0,0,Laborers,3,2,1,17,Yes,No,Industry: type 3,0.316525308,0.643780317,0.638043528,,1438,2
12261764,13050,0,0,0,1,0,25470,2532.15,Alone,Retired,,M,Male,CL,Home,,23126,365243,9533,4162,,1,0,1,,2,2,1,,Yes,Yes,XNA,0.662617077,0.732708717,,0.0247,2914,
12208512,18000,1,0,1,1,1,75519,3645.9,Alone,Commercial,Graduation,M,Female,CL,Home,0.035792,14116,735,372,4537,7,1,0,1,Drivers,3,2,5,16,Yes,No,Business Entity Type 3,0.781679746,0.575305124,0.520897599,,1258,2
12275062,18000,0,1,0,0,0,38152.8,2497.05,Relative,Govt Job,Secondary,M,Male,CL,Home,0.007114,14135,2940,691,4610,,1,0,0,,2,2,2,12,Yes,Yes,Government,0.497536616,0.717477223,0.384206813,,1506,7
12214668,20250,0,0,0,0,0,176211,4858.65,Alone,,Secondary,M,Male,CL,Family,0.04622,9639,955,4251,2268,,1,1,1,,2,1,3,18,Yes,No,Trade: type 2,,0.502166761,0.627990819,,135,0
12246207,,0,1,1,1,0,27302.4,1341,Relative,Commercial,Secondary,M,Male,CL,Home,0.011703,16795,781,1875,324,,1,0,1,,2,2,3,13,Yes,No,Other,,0.474662676,0.317031779,,522,2
12276387,8775,0,0,0,1,0,112950,3118.95,Relative,Govt Job,Secondary,M,Male,CL,Home,0.015221,22600,5420,11811,84,,1,0,0,,2,2,3,17,Yes,Yes,Kindergarten,0.784456156,0.619527994,0.8482443,0.1979,2213,1
12232285,14400,,1,0,0,1,22500,1161.9,Alone,Commercial,Graduation,S,Male,CL,Home,0.007305,13696,3265,9881,2471,,1,1,0,,2,3,4,13,Yes,Yes,Other,,0.53222278,0.544234741,0.0649,1328,1
12209894,22500,0,0,0,1,0,,2972.25,Alone,Service,Secondary,M,Female,CL,Home,0.026392,12029,4570,1450,4620,,1,0,0,Laborers,2,2,5,14,Yes,Yes,Business Entity Type 1,,0.750155908,0.549596502,,2053,5
12268211,,0,0,0,1,1,27000,1350,Alone,Service,Secondary,M,Male,RL,Home,0.009657,12244,194,5503,700,,1,0,0,Core,3,2,4,12,Yes,Yes,Self-employed,0.776131314,0.477804483,0.468659655,0.0619,,1
12262016,18000,1,1,1,0,0,23243.4,1585.35,Alone,Service,Graduation,S,Female,CL,Home,0.010032,10707,258,4683,3067,0,1,0,0,,1,2,2,12,Yes,Yes,Business Entity Type 3,0.627845097,0.113698042,,,479,3
12203868,13500,0,0,0,1,0,83404.8,3008.7,Alone,Service,Secondary,M,Male,CL,Home,0.020246,16391,4081,2312,4966,,1,0,0,Managers,2,3,0,7,Yes,Yes,Business Entity Type 3,,,0.289611238,0.0082,1837,3
12264730,15750,0,0,0,1,0,112500,,Alone,Service,Secondary,S,Male,CL,Home,0.00702,22057,12860,9650,4903,,1,1,1,Accountants,1,2,2,11,Yes,Yes,Other,0.882057592,0.612301367,0.732403323,,1618,0
12234346,40050,0,0,0,1,0,107624.7,4559.85,Alone,Service,Secondary,M,Male,CL,Home,0.010966,13874,3304,8001,4677,,1,0,0,Sales,2,2,3,9,Yes,Yes,Business Entity Type 3,0.59009076,0.630775377,0.749021705,0.1474,2739,3
12253221,4500,0,0,1,1,0,18000,900,Alone,Retired,Secondary,M,Female,RL,Home,0.028663,19839,365243,9327,3385,,1,0,1,,2,2,0,12,Yes,Yes,XNA,,0.601775249,0.404878364,0.0732,1405,5
12233136,20250,0,0,1,1,0,88617.6,2941.65,Relative,Retired,Graduation,M,Female,CL,Home,0.008474,23843,365243,3795,4581,,1,0,0,,2,2,5,17,Yes,Yes,XNA,,0.523748596,0.639707568,0.0588,112,3
12268720,7650,0,0,0,1,0,27796.95,1047.6,Alone,Retired,Graduation,S,Male,CL,Home,0.009334,22886,365243,11072,4117,,1,0,0,,1,2,2,10,Yes,Yes,XNA,,0.686707131,0.656158373,0.0773,465,6
12230339,6750,0,0,0,1,0,75519,3339.45,Alone,Retired,Secondary,M,Male,CL,Home,0.031329,21812,365243,8717,3658,,1,0,0,,2,2,5,8,Yes,Yes,XNA,,0.444528962,0.852828467,0.1392,447,1
12205470,17100,1,0,0,0,0,45000,2889,Alone,Retired,Secondary,M,Female,CL,Home,0.02461,22013,365243,1954,1680,7,1,0,1,,2,2,4,13,Yes,Yes,XNA,0.560620636,0.765058623,0.474051289,,2569,2
12208871,11250,0,0,0,0,0,39788.1,2034,Alone,Commercial,Secondary,M,Male,CL,Home,0.025164,16519,2446,1544,65,,1,1,1,Laborers,2,2,2,10,Yes,Yes,Business Entity Type 3,,0.56234279,0.822498762,0.0742,3,3
12235004,13500,1,1,,1,0,27000,1350,Partner,Service,Secondary,M,Female,RL,Home,0.010147,12214,1589,6102,4449,2,1,1,1,,2,2,2,19,Yes,Yes,Self-employed,,0.465995695,,,2611,
12273207,11250,0,0,0,1,0,26955,2318.85,Alone,Commercial,Graduation,M,Male,CL,Home,0.022625,14229,135,7876,4246,,1,0,0,Sales,2,2,3,10,Yes,Yes,Self-employed,,0.516467682,0.483050188,0.0825,0,1
12275881,6300,0,1,0,0,1,20250,1012.5,Alone,Service,Graduation,M,Male,RL,Home,0.009657,11452,2306,151,3334,,1,0,0,Accountants,3,2,0,14,Yes,No,Kindergarten,0.542526164,0.667491622,0.643025564,0.0165,1647,0
12214808,15750,0,1,0,1,1,36000,3314.7,Alone,Commercial,Graduation,S,Female,CL,Home,0.026392,19853,3864,8048,3382,,1,0,0,Laborers,,2,3,10,Yes,Yes,Medicine,0.464160503,0.61237923,0.58499004,0.066,1808,2
12280060,15750,0,0,0,1,0,45450,,Others,Retired,Secondary,W,Male,CL,Home,0.01452,23572,365243,10196,5230,,1,0,0,,1,2,0,12,Yes,Yes,XNA,,0.54004839,0.609275667,0.0928,2627,2
12222015,22500,1,0,1,1,1,150681.6,4992.75,Alone,Govt Job,Graduation,M,Male,CL,Home,0.072508,16762,3730,2379,292,5,1,0,0,Laborers,3,1,3,11,Yes,No,Government,,0.749524213,0.138512877,,1753,0
12211810,22500,,0,1,0,1,9000,958.05,Alone,Commercial,Graduation,S,Male,CL,Home,0.005313,12110,1154,1639,1539,7,1,1,0,,2,2,3,14,Yes,Yes,Business Entity Type 3,0.453846476,0.693660048,0.3392877,0.1237,439,2
12225995,24750,0,0,1,0,1,45450,4657.05,Alone,Govt Job,Graduation,M,Female,CL,Home,0.020713,12233,4030,6320,4765,,1,1,0,Managers,3,3,0,16,Yes,Yes,Security Ministries,0.423058829,0.629664432,0.347418227,0.2216,623,0
12241516,18000,0,1,0,0,0,52359.75,2439,Alone,Service,Secondary,W,Male,CL,Municipal,0.008019,18807,4350,9863,2328,,1,0,0,Cooking,1,2,5,18,Yes,Yes,Restaurant,,0.579067417,,0.1186,1505,
12269141,17100,1,1,0,1,0,26585.1,1903.5,Relative,Retired,Graduation,M,Male,CL,Home,0.025164,23332,365243,1241,5390,2,1,0,0,,2,2,4,9,Yes,Yes,XNA,0.681817366,0.365690561,0.619527708,0.1485,554,3
12229393,23400,0,0,1,1,0,22500,808.2,Alone,Retired,Secondary,M,Male,CL,Home,0.028663,21947,365243,10070,4382,,1,0,0,,2,2,5,8,Yes,Yes,XNA,,0.380707538,,0.0495,288,4
12220749,,0,0,,1,0,11860.2,963.9,Alone,Service,Secondary,M,Male,CL,Home,0.018634,10325,1596,,18,,1,0,0,,2,2,6,11,Yes,Yes,Business Entity Type 3,0.447386648,0.579680267,,0.1485,708,
12225367,18000,1,0,1,0,1,18000,2043.9,Alone,Service,Secondary,M,Female,CL,Home,0.035792,11398,2824,3696,4027,15,1,1,0,Laborers,3,2,5,12,Yes,Yes,Self-employed,0.416125023,0.510884753,0.819317692,,208,2
12262532,25200,0,1,,1,0,78713.1,2570.85,Alone,Service,Graduation,M,Male,CL,Home,0.019101,21252,14326,10584,4742,,1,0,0,Accountants,2,2,6,17,Yes,Yes,Government,,0.516309312,0.681705878,0.0619,810,2
12205427,18000,0,0,1,1,0,86879.7,3458.7,Alone,Service,Secondary,M,Male,CL,Home,0.020713,16218,5325,555,,,1,0,1,Medicine,2,2,4,7,Yes,Yes,Medicine,,0.63900717,0.609275667,0.2263,1493,1
12276954,4500,0,1,0,0,3,26955,1067.4,Alone,Service,Secondary,M,Male,CL,,0.008866,12690,3067,237,5229,,1,0,0,,5,2,1,14,Yes,No,Business Entity Type 1,0.610224044,0.384592161,0.782607837,,784,0
12222241,9000,0,0,0,1,0,78713.1,2601.45,Alone,Retired,Secondary,M,Male,CL,Home,0.018634,18818,365243,8275,2353,,1,0,1,,2,2,3,13,Yes,Yes,XNA,,0.490359475,0.638043528,0.1113,947,0
12222516,22500,0,0,1,1,0,75519,3632.85,Alone,Service,Secondary,D,Male,CL,Home,0.031329,19394,148,,2846,,1,0,0,Cleaning,1,2,2,14,Yes,Yes,,,0.160484853,,0.1485,,
12235091,7650,1,1,1,0,0,27000,1030.95,Relative,Retired,Secondary,S,Male,,Home,0.01452,21659,365243,11208,4593,18,1,0,0,,1,2,4,7,Yes,Yes,XNA,,,0.77008707,0.0041,1868,3
12276057,18000,0,1,0,1,0,26955,1889.1,Alone,,Graduation,M,Male,CL,Home,,24084,365243,6975,3556,,1,0,0,,2,1,4,17,Yes,Yes,XNA,,0.743428538,0.547810466,,584,1
12216158,9000,0,1,0,0,0,22500,1359.45,Alone,Service,Secondary,M,Male,CL,Home,0.009549,13455,551,4054,5974,,1,0,0,Sales,2,2,5,13,Yes,No,Trade: type 7,,0.349835245,0.385914672,,2403,1
12249508,15750,0,0,1,1,1,75519,3645.9,Alone,Service,Graduation,M,Male,CL,Home,0.020713,15189,638,4473,990,,1,0,0,Security,3,2,2,10,Yes,Yes,Security,,0.462726795,0.235310517,0.0165,1543,2
12236091,13500,0,0,1,1,1,83538,4278.15,Alone,Commercial,,M,Male,CL,Home,0.035792,13834,603,1,1109,,1,0,0,,3,2,4,10,Yes,Yes,Business Entity Type 1,0.566653631,0.594426898,0.113922396,,487,8
12209386,20250,0,0,1,0,0,67500,3247.2,Alone,Service,Secondary,M,Female,CL,Home,0.019101,10152,,,2393,,1,1,0,Laborers,2,2,3,13,Yes,No,Industry: type 9,,0.34945236,0.15951954,,237,
12230568,20250,0,0,0,0,0,39801.6,2659.5,Alone,Service,Secondary,D,Male,CL,Home,0.072508,9974,1316,4416,1722,,1,1,1,,1,,2,,Yes,Yes,Business Entity Type 3,,0.457512013,,0.1522,299,
12260886,,0,0,0,1,0,20730.6,1098.45,Alone,Commercial,Graduation,M,Female,CL,Home,0.003122,,5344,4616,,,1,0,0,Cleaning,2,3,2,14,Yes,Yes,Cleaning,0.69810467,0.129136313,0.504681319,,329,6
12276832,29250,0,0,0,1,0,83538,,Relative,Commercial,Graduation,M,Male,CL,Home,0.010276,12452,4869,6534,1525,,1,0,0,Laborers,2,2,1,18,Yes,Yes,,0.574426849,0.578790223,,0.0928,0,
12221075,5625,0,0,1,1,0,56250,,Relative,Retired,Secondary,M,Male,CL,Home,0.010966,22026,365243,9119,4179,,1,0,1,,2,2,2,13,Yes,Yes,XNA,,0.303432751,0.689479143,0.0742,519,0
12248313,18000,0,1,0,0,2,52649.1,2952.9,Alone,Service,Secondary,M,Male,CL,Home,0.006207,13848,1768,2502,4625,,1,0,0,Core,4,2,1,15,Yes,Yes,Kindergarten,0.592269872,0.424372674,0.614414378,,1279,0
12270444,,1,1,0,1,1,18000,2136.15,Alone,Govt Job,Secondary,M,Female,CL,Home,0.020713,11332,291,2947,3313,11,1,1,1,Laborers,3,3,3,9,Yes,Yes,Government,0.304634464,0.391988257,0.183035167,0.0825,337,0
12200993,11250,0,1,1,1,0,128835,4156.2,Alone,Commercial,Graduation,M,Male,CL,Home,0.032561,9053,1113,9025,1030,,1,0,1,Core,2,1,4,15,No,No,School,,0.604612084,,0.0515,1000,
12243202,11250,0,1,0,1,0,154602,4520.25,Relative,Retired,Secondary,,Female,CL,Home,0.011657,21711,365243,9044,4504,,1,0,1,,2,1,5,11,Yes,Yes,XNA,0.619517674,0.701758556,0.753067392,0.0309,0,1
12268898,10800,0,0,1,0,1,59702.4,4729.95,Alone,Service,Secondary,M,Female,CL,Home,0.015221,11512,600,5062,,,1,1,1,,3,2,0,12,No,No,Industry: type 3,,0.271123077,,,492,
12250094,11700,1,1,0,1,0,49182.3,2681.1,Relative,Retired,Secondary,M,Female,CL,Home,0.035792,22122,365243,1969,4152,9,1,0,1,,2,2,4,10,No,Yes,XNA,,0.752875531,0.537069958,0.0814,2911,0
12258601,13500,1,0,0,0,0,54504,2540.7,Relative,Service,,M,Female,CL,Home,0.035792,13487,4782,3870,,0,1,0,0,Laborers,2,2,3,15,Yes,No,Business Entity Type 3,,0.645973776,0.54065445,,2308,1
12261792,9000,0,0,0,1,0,52863.3,2556,Alone,Service,,M,Male,CL,Home,0.00712,17748,1840,7802,1286,,1,0,0,Sales,2,2,1,8,Yes,No,Trade: type 7,,0.429342693,0.570916542,,147,0
12201738,20250,1,0,0,0,0,45000,2454.3,Alone,Commercial,Secondary,S,,CL,Home,0.018209,10518,1072,,3105,8,1,0,0,Drivers,1,3,1,10,Yes,Yes,Business Entity Type 1,0.460319687,0.43889376,0.475849909,0.2598,1926,5
12201444,5625,0,1,0,1,0,23432.4,1321.2,Alone,Retired,Secondary,W,Male,CL,Home,0.008068,22429,365243,12254,2717,,1,0,0,,1,3,6,7,Yes,Yes,XNA,,0.453644903,0.54065445,0.0876,1005,2
12246040,9450,1,1,0,1,0,80865,2608.65,Alone,Service,Secondary,M,Male,CL,Home,0.015221,14635,4837,795,5308,14,1,1,1,Cooking,2,2,5,10,Yes,No,Medicine,0.5186654,0.551859558,0.307736696,,1168,2
12276351,13500,0,0,1,1,0,27000,1350,Alone,Commercial,Graduation,M,Male,RL,Home,,18116,1722,6737,1661,,1,0,0,Core,2,2,5,12,Yes,Yes,Other,0.540204119,0.695663772,,0.0923,833,4
12224845,15750,0,0,1,1,0,102474,4942.8,Alone,Commercial,Secondary,M,Male,CL,Home,,18983,223,8931,2472,,1,0,0,Sales,2,1,4,9,Yes,No,Trade: type 3,,0.704183099,0.164414179,0,2429,1
12250873,7200,0,0,0,0,0,24727.5,1758.6,Alone,Service,Secondary,M,Male,CL,Family,0.022625,8252,110,2622,919,,1,1,0,Sales,2,2,6,18,No,Yes,Self-employed,0.036431994,0.054519058,0.05763929,,580,2
12255938,11250,0,1,0,0,0,32702.4,1603.35,Alone,Service,Secondary,M,Male,CL,Home,0.019101,18725,9323,11809,2265,,1,0,0,,2,2,3,10,Yes,Yes,Housing,,0.692594907,0.692559067,,2694,0
12270754,15750,0,0,0,1,2,102474,5245.2,Alone,Commercial,Graduation,M,Male,CL,Home,0.022625,12993,1399,5922,5443,,1,1,1,Core,,2,2,18,Yes,Yes,Government,0.234061586,0.603618412,0.497468889,0.0371,487,1
12261315,22500,0,0,0,1,2,174668.4,5120.1,Alone,Service,Secondary,M,Female,CL,,0.010006,12873,228,3979,3979,,1,0,0,Laborers,,1,1,13,Yes,Yes,Transport: type 4,,0.722235403,0.321735282,0.0186,454,0
12226331,11250,1,1,0,0,1,94230,2498.4,Alone,Commercial,Secondary,M,Male,CL,Home,0.019689,12064,2575,5868,4545,23,1,0,0,Security,3,2,1,9,Yes,Yes,Security,0.425466301,0.713524471,0.384206813,,2,0
12254636,14850,0,0,1,1,0,26955,1187.1,Alone,Service,Graduation,S,Male,CL,Home,0.018209,17667,1841,5570,1199,,1,1,1,High skill tech,1,3,6,9,Yes,Yes,Business Entity Type 1,,0.634302789,0.396219572,0.2216,993,0
12209428,11250,1,0,0,1,0,107820,3165.3,Relative,Service,Secondary,M,Female,CL,Home,0.019101,17556,10197,8890,1103,7,1,0,0,,2,2,2,17,Yes,Yes,Business Entity Type 1,,0.723991112,0.772631135,,1899,1
12206567,13500,0,1,,1,0,16712.1,1175.85,Alone,Retired,Secondary,M,Male,CL,Family,0.025164,21768,,563,4606,,1,0,0,,2,2,5,12,Yes,Yes,XNA,,,0.443615308,,307,3
12247049,22500,0,,1,1,0,18000,900,Alone,Service,Secondary,M,Female,RL,Home,0.010006,21519,1593,1080,4963,,1,0,1,Laborers,2,1,4,,Yes,Yes,Business Entity Type 1,,0.800776971,0.691021227,0.0804,177,1
12230888,13500,1,1,1,1,1,125640,3686.4,Alone,Service,Graduation,M,Female,CL,Office,0.020246,10735,2980,5197,3416,7,1,0,0,,3,3,4,11,Yes,No,Industry: type 9,0.256031772,0.253922218,0.743559314,0.0021,507,1
12204953,36000,0,0,0,0,0,180000,4950,Alone,Service,Graduation,M,Male,CL,Home,0.032561,15726,563,3814,4694,,1,1,1,Managers,2,1,3,16,Yes,Yes,Business Entity Type 3,,0.783639353,0.810618022,0.0804,1885,2
12270586,11250,1,0,0,1,1,80865,2608.65,Alone,Service,Graduation,M,Male,CL,Home,0.007305,14893,794,4420,4784,2,1,1,1,HR,3,3,1,6,Yes,Yes,Security,0.5938997,0.375047636,0.387625344,,1795,2
12247111,15750,,0,0,1,2,36489.6,1992.6,Alone,Commercial,Secondary,M,Female,CL,Home,0.02461,9415,892,5572,2074,6,1,1,1,Drivers,4,2,5,11,No,No,Transport: type 3,,0.412601913,0.465069215,,0,2
12269887,9000,0,0,0,1,0,28440,1601.1,Alone,Commercial,Secondary,,Male,CL,Home,0.018029,24369,2965,13619,4245,,1,0,0,Cleaning,1,3,6,9,Yes,Yes,Housing,,0.26525634,0.715103102,0.0495,681,1
12233425,11250,,0,0,1,4,59256,4008.6,Alone,Service,Secondary,,Male,CL,Home,0.018029,11958,2891,1866,3060,,1,0,0,Cleaning,,3,5,6,Yes,Yes,School,0.196570772,0.59593377,0.452533559,,281,0
12269543,,0,0,1,1,0,154602,4264.2,Alone,Service,Graduation,S,Male,CL,Home,0.008866,12380,1435,3372,4329,,1,0,0,Accountants,1,2,3,10,Yes,Yes,Business Entity Type 3,0.695853198,0.54345222,,0.1959,0,0
12216983,11250,1,0,0,1,1,120074.4,3523.95,Alone,Service,Secondary,M,Male,CL,Home,0.025164,15953,3570,5095,4913,7,1,0,0,,3,2,2,9,Yes,Yes,Transport: type 3,0.53746723,0.454436326,0.192942228,,466,2
12226707,13500,1,0,1,0,0,20376,2430.9,Alone,Service,Secondary,S,Female,CL,Rental,0.020713,8449,625,,1117,16,1,0,0,Laborers,1,3,1,8,No,Yes,Business Entity Type 3,,0.043159332,,,146,
12212144,22500,0,0,1,1,0,40878,1553.85,Alone,Commercial,Secondary,D,Male,CL,Home,0.006008,17193,2208,8312,399,,1,0,0,Sales,1,2,1,,Yes,No,Self-employed,,0.677962455,0.558506628,0.1124,347,2
12236316,20250,0,1,1,0,0,125640,3686.4,Relative,,Secondary,M,Male,CL,Municipal,0.003541,18003,2620,6173,1538,,1,0,0,Laborers,2,1,2,9,Yes,Yes,Services,,0.608953051,0.488455184,0.0172,1435,0
12250936,22500,1,0,1,1,0,18000,900,Alone,Commercial,Secondary,S,Female,RL,Home,0.010643,10807,856,4980,3377,9,1,0,0,,1,2,4,12,No,Yes,Business Entity Type 3,,0.685925638,,,299,
12203753,14400,1,0,1,0,0,73331.55,3919.95,Kids,Retired,Secondary,M,Male,CL,Home,0.010556,20742,365243,11959,4292,9,1,0,0,,2,3,0,14,Yes,Yes,,,0.186620885,0.408358853,0.0649,413,2
12231079,13500,0,0,1,1,0,74303.1,,Alone,Retired,Secondary,M,Male,CL,Home,0.030755,20555,365243,12378,3431,,1,0,0,,2,2,,11,Yes,Yes,XNA,0.678941666,0.261092313,0.551381262,0.0186,0,0
12242110,22500,0,0,0,0,1,78192,2596.95,Alone,Service,Secondary,M,Female,CL,Home,0.006207,15594,478,8110,3933,,1,0,0,Laborers,3,2,1,15,Yes,Yes,Other,,0.740111141,0.562060483,0.0515,3178,0
12251705,5400,0,,0,0,,54449.1,1591.65,Alone,Retired,Secondary,M,Male,CL,Home,0.030755,20588,365243,9541,4126,,1,0,1,,2,2,4,11,Yes,Yes,XNA,,0.028672401,0.50107516,,1150,0
12224903,9000,0,0,1,1,0,18000,875.25,Alone,Service,junior secondary,S,Male,CL,Home,0.019101,10523,2778,4302,1258,,1,0,0,Core,1,2,3,12,Yes,Yes,,,0.331808345,0.391054977,,495,1
12232997,6750,0,0,1,1,2,49752,3943.8,Alone,Service,Secondary,M,Male,CL,Home,0.020246,14237,2431,2221,3061,,1,0,1,,4,3,4,7,Yes,Yes,Government,0.358078288,0.493491179,0.431191798,,2054,5
12223846,15750,0,0,0,1,0,122301,5194.8,Relative,Service,Secondary,M,Male,CL,Home,0.025164,15437,8700,8367,4811,,1,0,0,Laborers,2,2,4,14,Yes,Yes,Industry: type 7,,0.686801215,0.616121691,0.1216,1943,1
12225197,13500,0,0,1,0,0,31410,1468.35,Relative,Govt Job,Secondary,D,Male,CL,Home,0.031329,17944,10549,1414,1462,,1,0,0,,1,2,1,14,Yes,Yes,Other,,0.49361143,0.249885063,0.1443,1,0
12214580,18000,0,0,0,1,0,25470,2532.15,Alone,Service,Secondary,M,Male,CL,Home,0.01885,20936,2482,9392,3908,,1,0,1,Cleaning,2,2,3,15,Yes,Yes,Business Entity Type 3,,0.648126201,0.519097338,0.0165,0,9
12228711,18000,1,0,1,1,1,22500,1165.05,Relative,Commercial,Graduation,M,Male,CL,Home,0.02461,9862,2988,1521,1772,8,1,1,1,Core,3,2,6,9,Yes,Yes,Trade: type 2,0.305247115,0.609957599,0.176652579,0.0371,36,1
12233334,13500,0,0,1,0,0,83003.85,3393.45,Others,Commercial,Secondary,M,Male,CL,Home,0.032561,18697,1229,6152,2236,,1,0,0,Core,2,1,1,20,Yes,Yes,Trade: type 7,,0.662014087,0.729566691,0.032,719,1
12241265,36900,0,1,0,1,0,26955,2129.4,Alone,Service,Graduation,S,Male,CL,Family,0.018801,10050,479,3600,2679,,1,0,0,Accountants,1,2,6,7,Yes,Yes,Business Entity Type 3,,0.032174473,,,24,
12240341,20250,0,0,0,1,0,100692,5154.3,Relative,,Secondary,W,Male,CL,Home,0.04622,17416,1498,,963,,1,0,0,Laborers,1,1,2,17,Yes,No,Business Entity Type 3,,0.26328778,0.749021705,,0,0
12239436,11250,0,,0,1,0,72884.7,2421.45,Relative,Retired,Secondary,M,Male,CL,Home,0.006852,22991,365243,2981,4549,,1,0,0,,2,3,0,7,Yes,Yes,XNA,,0.322322587,,,1168,
12251643,11250,0,0,1,1,0,20376,1904.85,Alone,,Graduation,M,Male,CL,Municipal,0.035792,22339,4540,6809,4236,,1,0,0,Accountants,2,2,3,17,Yes,Yes,Government,,0.740565148,,0.1485,67,4
12210985,11700,0,0,0,1,0,19492.2,1369.35,Alone,,Secondary,M,Male,CL,Home,0.010966,23170,365243,7604,419,,1,0,0,,2,2,4,13,Yes,Yes,XNA,,0.644652419,0.631354537,0.0722,779,4
12257900,27000,1,0,0,0,,54504,2054.7,Alone,Service,Secondary,M,Female,CL,Home,0.04622,17636,2268,8679,1187,1,1,1,1,Laborers,3,1,6,15,Yes,No,Government,0.452744607,0.767946962,0.768807573,,1487,3
12245489,17100,1,,1,1,0,61650,1708.2,Alone,Commercial,Graduation,M,Female,CL,Home,0.020713,10812,153,1308,3468,11,1,1,0,Managers,2,2,1,9,Yes,Yes,Business Entity Type 3,,0.373895115,0.53527625,0.2206,117,0
12272603,31500,1,0,0,0,0,162114.3,4470.75,Alone,,Graduation,M,Male,CL,Home,0.026392,19624,6640,9463,3102,3,1,1,1,Managers,2,2,2,14,Yes,Yes,Government,0.920054248,0.737981407,0.353987608,0.0825,427,1
12233550,11250,0,0,0,1,0,67500,2190.6,Alone,Service,Secondary,M,Male,CL,Home,0.031329,18832,655,6167,2372,,1,1,1,Accountants,2,2,1,10,Yes,No,Bank,,0.651177184,0.567379237,,2485,0
12219202,36000,1,0,1,1,2,45000,2250,Alone,Service,Secondary,M,Female,RL,Home,0.019101,11282,,1687,1359,7,1,0,0,Core,4,2,5,12,Yes,Yes,Agriculture,,0.229903834,0.740799088,,29,1
12225946,13500,1,1,1,1,1,62241.3,3190.95,Alone,Service,Secondary,M,Male,CL,Home,0.00712,9690,332,948,1365,11,1,0,0,High skill tech,3,2,3,10,Yes,Yes,Self-employed,0.096205504,0.508228818,0.285179905,,1002,1
12226392,18000,0,0,1,1,0,74628,5909.4,Alone,Commercial,Secondary,S,Male,CL,Home,0.032561,12305,909,3634,3486,,1,0,0,,1,1,3,14,Yes,Yes,Other,0.345763184,0.786274869,,0.4691,911,
12200044,9000,0,0,0,1,0,34826.4,3581.55,Alone,Retired,Secondary,S,Female,CL,Municipal,0.02461,22389,365243,11477,4051,,1,0,0,,1,2,2,9,Yes,Yes,XNA,,0.238174544,,0.1433,900,
12241586,29250,0,1,1,1,2,80865,2621.7,Alone,Service,Secondary,M,,CL,Home,0.020713,11367,307,3000,768,,1,0,0,Cleaning,4,3,1,10,Yes,Yes,Government,0.390042062,0.372125587,0.24318648,,1473,3
12280368,15750,0,1,0,0,0,76022.55,3015,Alone,Retired,,,Male,CL,Home,0.035792,20557,365243,4650,3362,,1,0,1,,2,2,4,17,Yes,Yes,XNA,0.780497787,0.759463316,0.380799683,,961,1
12265899,14400,0,1,0,0,,49752,2588.85,Alone,Commercial,Graduation,S,Male,CL,,0.018634,15188,861,9274,5031,,1,0,0,Core,1,2,1,18,Yes,Yes,Other,0.865642153,0.614251413,0.542445144,0.1856,636,3
12245792,14850,0,0,0,1,0,80865,2621.7,,Service,Secondary,S,,CL,Home,0.01885,17935,1341,9670,361,,1,0,0,Laborers,1,2,3,15,Yes,No,Construction,0.538368069,0.368897153,0.329655054,0.0825,105,2
12209703,11250,0,1,0,0,1,22500,1613.25,Relative,Service,Secondary,M,Female,CL,Home,0.028663,8627,1442,2839,1286,,1,0,0,Drivers,3,2,6,15,Yes,Yes,Business Entity Type 3,0.117899702,0.363952478,,0.0021,0,
12203194,45000,0,0,0,0,0,128835,3705.3,Alone,Commercial,Graduation,M,Female,CL,Home,0.011657,17487,4354,3766,1044,,1,0,0,Laborers,2,1,3,10,Yes,No,,0.670936306,0.402028457,0.65452928,0.0082,2,2
12239739,11250,0,0,0,1,0,104585.4,,Alone,Service,Secondary,M,Female,CL,Home,0.025164,14492,905,8606,4597,,1,0,0,Laborers,2,2,,8,Yes,Yes,Business Entity Type 3,,0.191525863,0.558506628,,1493,2
12270532,8100,1,1,0,0,0,28887.3,1050.3,Alone,Service,Secondary,M,Male,CL,Home,0.031329,15396,1025,1065,4349,18,1,0,0,Core,2,2,3,12,Yes,Yes,Transport: type 2,0.575139794,0.549830674,0.553164699,0.1227,0,0
12265484,12600,0,0,0,1,0,52863.3,2462.4,Alone,Service,Secondary,,Male,CL,Home,0.014464,21295,1597,5463,865,,1,0,0,Cleaning,2,2,5,3,Yes,Yes,Business Entity Type 3,,0.360723954,0.329655054,0.0082,0,3
12246650,15750,0,1,0,0,0,27000,1202.4,Alone,Service,Secondary,M,Male,CL,Family,0.018209,13442,881,3210,5673,,1,0,0,Laborers,2,3,1,6,Yes,No,,,0.085258541,0.392773861,0.0175,193,3
12206284,8100,0,1,0,1,1,28887.3,2295,Alone,Service,Graduation,M,Male,CL,Home,0.018029,11443,2930,1859,2294,,1,0,0,High skill tech,3,3,2,12,Yes,No,Transport: type 2,0.411425068,0.595438703,0.504681319,0.0825,1335,0
12246453,13500,1,1,0,1,1,66589.2,2160.9,Alone,Service,Graduation dropout,D,Male,CL,Home,0.009657,9961,1473,9096,1270,4,1,0,0,Sales,2,2,1,9,Yes,Yes,Business Entity Type 3,,0.389874316,0.519097338,0.1546,40,1
12270945,9000,0,0,0,1,0,36489.6,1755.45,Alone,Retired,Secondary,W,Male,CL,Home,0.025164,21467,,6405,4160,,1,0,0,,1,2,6,11,Yes,Yes,XNA,,0.537896655,0.50107516,0.0691,786,1
12228639,36900,0,0,0,1,1,27000,1350,Partner,Service,Secondary,M,Female,RL,Home,0.026392,12763,1334,813,4125,,1,0,0,,3,2,4,14,Yes,Yes,Business Entity Type 2,,0.281945514,0.591976618,0.2351,714,1
12207208,11250,0,0,1,1,0,24767.55,1774.35,Alone,,Secondary,D,Male,CL,Home,0.018801,20838,365243,9823,3533,,1,0,0,,1,2,3,9,Yes,Yes,XNA,0.720019289,0.581863197,0.477649155,0.0825,0,0
12250322,13500,0,1,0,1,0,59033.7,2514.15,Alone,,Graduation,M,Female,CL,Home,,22855,365243,1154,4526,,1,0,1,,2,1,1,15,Yes,Yes,XNA,,0.218577395,,0.0567,0,
12272541,11250,0,1,0,0,0,94342.5,2758.5,Alone,Service,Secondary,S,Male,CL,Rental,0.010643,18215,311,4681,1707,,1,1,0,Laborers,1,2,1,18,No,Yes,Business Entity Type 3,0.772547909,0.292021599,0.252598698,0.1536,510,4
12232991,5400,0,0,0,0,0,,2336.4,Relative,Retired,Secondary,W,Male,CL,Home,0.031329,23857,365243,,4028,,1,0,1,,1,2,0,11,Yes,Yes,XNA,,0.162192106,,,218,
12246968,24750,1,1,0,1,0,134550,3946.95,Alone,Govt Job,Secondary,M,Female,CL,Home,0.026392,11030,3192,1288,3282,1,1,1,1,Core,2,2,3,14,Yes,Yes,Police,0.312496606,0.676518915,0.273564678,0.0619,0,2
12226063,20250,1,0,0,1,1,17829,1904.85,Alone,Service,Secondary,M,Female,CL,Home,0.019101,10453,196,5211,3133,1,1,0,1,Drivers,3,2,6,10,Yes,Yes,Transport: type 4,,0.734746597,0.609275667,0.2062,1687,0
12205671,15750,1,0,0,1,0,108000,3157.2,Alone,Service,Secondary,M,Male,CL,Home,0.026392,20115,7417,9287,3069,0,1,0,0,Medicine,2,2,4,12,Yes,No,Medicine,,0.617107599,0.492060094,0.0186,1721,0
12246844,15750,,1,0,1,0,114750,3616.2,Alone,Retired,Secondary,M,Male,CL,Home,0.00963,17535,365243,9252,1063,,1,0,0,,2,2,1,11,Yes,Yes,XNA,0.588640327,0.608249839,0.656158373,,1508,3
12248618,27000,1,1,0,1,1,84874.5,4346.55,Alone,Service,Secondary,M,Female,CL,Home,0.010032,11397,2095,,3734,25,1,0,0,,3,2,1,5,Yes,Yes,Security Ministries,0.482094999,0.238500057,0.119877961,,1379,2
12226222,8550,0,0,1,1,0,11992.5,1181.25,Alone,Retired,Secondary,W,,CL,Home,0.0105,24642,365243,10136,4239,,1,0,1,,1,3,1,14,Yes,Yes,XNA,,0.57745153,0.634705531,0.0186,311,2
12226689,15750,0,1,0,1,0,64008,2997,Alone,,Secondary,M,Male,CL,Home,0.019689,14004,582,2371,379,,1,0,1,Sales,2,2,3,7,No,Yes,Trade: type 7,,0.475966079,0.166405546,,853,0
12248511,,0,1,1,1,1,43603.2,3457.8,Alone,Service,Graduation dropout,S,Male,CL,Home,0.022625,11174,1320,329,3850,,1,0,0,Sales,2,2,2,9,Yes,Yes,Business Entity Type 3,0.242224096,0.741676962,0.477649155,0.0371,956,1
12208684,6750,1,0,1,1,1,49500,4822.2,Alone,Service,Secondary,M,Male,,,0.009657,14542,1748,4733,4200,6,1,0,1,Core,3,2,3,11,Yes,Yes,Kindergarten,0.551466941,0.729471518,0.524496446,0.0546,1121,1
12273924,11250,,0,1,1,0,18868.5,1036.35,Alone,Retired,Graduation,M,Male,CL,Home,0.019101,20479,,4694,3649,,1,0,0,,2,2,4,11,No,Yes,XNA,,0.36591885,,0.1031,542,
12224919,11250,1,1,0,0,1,47376,4987.8,Relative,Service,Graduation,M,Male,,Family,0.010643,10994,1235,2097,,15,1,0,0,,3,2,2,18,Yes,Yes,Business Entity Type 3,0.534013265,0.453444374,0.513693766,,865,1
12259077,15750,0,0,1,1,2,19782,1705.05,Alone,Service,Secondary,M,Male,CL,Home,0.015221,13687,1639,2448,2508,,1,1,1,Laborers,4,2,1,12,Yes,Yes,Business Entity Type 2,,0.384845798,,,515,4
12262389,13500,0,0,0,0,0,87601.95,3349.8,Alone,Service,Secondary,M,Male,CL,Home,0.022625,18269,2482,9931,1796,,1,0,1,Managers,2,2,4,9,Yes,Yes,Business Entity Type 2,,0.587332839,0.000527265,0.1969,2685,0
12225136,11250,0,0,0,1,0,24161.85,2307.15,Alone,Retired,Secondary,M,Male,CL,Home,0.025164,21919,365243,13296,4269,,1,0,0,,2,2,1,17,Yes,Yes,XNA,,0.19267296,0.629674251,0.066,0,2
12250644,13500,0,1,0,0,0,27000,1350,Alone,Service,Graduation,S,Male,RL,Family,,8374,1637,7799,789,,1,0,0,Private service,1,2,3,9,Yes,Yes,Self-employed,,0.523443131,0.058032309,0.0464,540,3
12207864,9450,0,1,1,1,0,80553.6,,Alone,Retired,Secondary,M,Male,CL,Home,0.01885,21949,365243,9736,3994,,1,0,0,,2,2,1,10,Yes,Yes,XNA,,0.714649557,0.664248263,0.0412,1558,0
12228574,20250,1,0,0,1,0,67950,2420.1,Alone,Service,Secondary,M,Female,CL,Home,0.026392,17279,1680,4675,764,3,1,0,0,,2,2,6,11,Yes,Yes,Self-employed,,,0.374020803,,713,6
12213907,11250,0,1,1,1,0,63450,2059.65,,Service,Graduation,M,Male,CL,Family,0.009549,11263,3619,5286,2585,,1,0,0,Core,2,2,6,13,Yes,Yes,Self-employed,0.788934174,0.535226768,0.77008707,0.1031,706,2
12266773,8100,1,0,1,0,0,97038,2837.25,Alone,Retired,Secondary,M,Male,CL,Home,0.009175,20615,365243,8125,3897,11,1,0,0,,2,2,3,12,Yes,Yes,XNA,,0.673943779,0.593717587,,205,2
12270963,6750,0,0,1,0,0,17829,918.45,Alone,Retired,Secondary,M,Male,CL,Home,0.020246,21773,365243,12938,4750,,1,0,1,,2,3,5,6,Yes,Yes,XNA,0.693364949,0.070001582,0.544234741,,17,0
12205323,9135,1,,0,0,0,18000,1435.05,Alone,Service,Secondary,M,Female,CL,Home,0.010966,13058,291,5254,5285,11,1,1,0,Core,2,2,1,8,No,Yes,Emergency,,0.198535583,0.280789574,,,2
12203714,18000,0,1,1,1,,67950,6451.65,Relative,Service,Secondary,M,Male,CL,Home,0.003813,15021,3405,3263,4151,,1,1,0,Managers,2,2,3,7,Yes,Yes,Self-employed,0.567918657,0.770311701,,0.0144,,0
12207112,,0,0,0,1,1,50992.2,2860.2,Alone,Service,Graduation,S,Male,CL,Home,0.010147,12188,724,9594,4126,,1,0,0,Core,2,2,2,,No,Yes,School,0.470786187,,0.474051289,,1429,1
12218989,20250,0,0,0,1,1,15261.3,1205.55,Alone,Commercial,Secondary,D,Male,CL,Home,0.006852,15328,1634,2943,4604,,1,0,0,Managers,,3,1,7,Yes,Yes,Self-employed,,0.037711588,0.565607981,0.2155,215,4
12236620,12150,0,1,0,0,0,75474,2434.5,Alone,,Secondary,W,Male,CL,Home,0.015221,19741,2752,5523,3276,,1,1,1,Sales,1,2,2,7,Yes,Yes,Self-employed,,0.647737109,0.223831317,,1125,5
12264176,9000,1,0,0,1,0,79043.4,3361.95,Alone,Retired,Secondary,M,Female,CL,Home,0.018801,22267,365243,2362,4946,14,1,0,0,,2,2,5,8,Yes,Yes,XNA,,,,0.0278,323,
12221679,9000,0,0,1,,0,86256,2521.8,Alone,Retired,Secondary,M,Female,CL,Home,0.00702,17586,365243,2428,1128,,1,0,0,,2,2,1,15,Yes,Yes,XNA,0.09322551,0.581251231,0.560284328,,501,0
12210501,13500,1,1,0,0,0,180000,6256.8,Relative,,Secondary,,Male,CL,,0.015221,17135,7159,4045,681,11,1,0,1,High skill tech,2,2,3,12,Yes,Yes,Business Entity Type 2,0.55132263,0.635387613,0.450747282,0.0825,0,0
12202867,15750,0,1,0,0,0,,1232.55,Alone,Service,Graduation dropout,S,Female,CL,Home,0.018029,16017,9119,3822,4613,,1,0,1,High skill tech,1,3,4,12,Yes,Yes,Medicine,0.33928965,0.662361396,0.529889834,0.0784,1520,1
12256947,9900,0,0,0,1,0,81979.2,3473.1,Relative,Service,Secondary,M,Male,CL,Home,0.00733,14941,7905,7262,5008,,1,0,0,,2,2,5,15,Yes,Yes,School,0.768820548,0.561298426,0.597192427,,1960,1
12243145,20250,1,0,0,1,0,33924.15,1291.95,Relative,Service,Secondary,M,Female,CL,Home,0.018801,14076,677,919,2132,8,1,0,0,,2,2,6,9,Yes,Yes,Business Entity Type 3,0.345341391,,,,1496,6
12270103,11250,0,0,0,0,0,43128,,Alone,Commercial,Secondary,D,Male,CL,Home,0.002134,18772,1029,4374,2284,,1,1,0,Sales,1,3,3,14,Yes,Yes,Trade: type 7,0.582427899,0.259441948,0.432961667,,551,3
12204894,15750,1,0,0,0,0,45900,1315.35,Relative,Service,Secondary,M,Female,CL,Home,0.026392,16547,824,,78,3,1,0,0,Laborers,2,2,3,12,Yes,No,Industry: type 7,,0.431535373,0.590233339,,2,0
12260790,15750,0,1,0,1,0,28856.25,1928.25,Alone,Retired,Graduation,W,,CL,Home,0.004849,22742,365243,3274,3323,,1,0,0,,1,2,1,14,Yes,Yes,XNA,,0.389655867,0.52629494,0.0062,451,3
12247656,18000,1,1,0,1,0,22500,1233.45,Alone,Service,Secondary,M,Male,CL,Home,0.026392,17896,1770,7405,1419,4,1,0,0,Drivers,2,2,1,15,Yes,Yes,Business Entity Type 3,,0.648624748,0.317031779,0.1814,1719,4
12277644,18000,,1,1,1,2,131411.7,4252.05,Alone,Commercial,Graduation,M,Male,CL,Home,0.009549,13642,3430,2399,,13,1,0,1,Managers,4,2,3,10,Yes,Yes,Business Entity Type 3,0.395003701,0.629149261,0.75574005,,871,1
12267682,15750,1,0,1,1,0,,1350,Relative,Service,Graduation,M,Male,RL,Home,0.018634,10780,2270,10261,291,5,1,0,0,Sales,2,2,2,13,Yes,Yes,Self-employed,0.28752494,0.463906726,,0.1485,280,
12250965,15750,1,1,1,1,0,45000,3495.6,Alone,Commercial,Secondary,M,Male,CL,Home,0.04622,13623,1920,385,5454,4,1,0,0,Core,2,1,4,15,Yes,Yes,Self-employed,0.4500784,0.68258071,0.324891229,0.1237,1445,3
12229666,11250,0,0,1,1,0,48797.1,4839.3,Alone,Commercial,Secondary,M,Male,CL,Home,0.035792,12190,3962,6213,385,,1,0,0,Waiters/barmen,2,2,2,12,Yes,Yes,Business Entity Type 2,0.697355231,0.691499721,0.368968738,0.1299,2661,1
12271150,36000,0,1,,1,2,95901.75,4909.5,Alone,Service,Secondary,M,Male,CL,Home,0.006629,16346,964,1646,4637,,1,0,0,,4,2,4,4,Yes,Yes,Self-employed,0.648573571,0.761840094,0.046309746,,0,1
12255955,8100,0,1,0,0,0,,2402.55,Alone,,Secondary,M,Female,CL,Home,0.008625,18439,10504,9508,,,1,0,0,Laborers,2,2,4,17,Yes,Yes,Electricity,,0.681793694,0.728141299,0.2969,240,3
12250754,12150,0,0,0,1,2,12735,1005.75,Alone,Service,Secondary,M,Male,CL,Home,0.010966,13059,2271,1611,4251,,1,1,1,Cooking,4,2,4,12,Yes,Yes,School,,0.204680868,0.363945239,,2306,3
12238406,6750,0,0,0,1,1,18000,900,Alone,Govt Job,Secondary,M,Male,RL,Home,0.010556,12605,2827,2809,1128,,1,0,0,Laborers,3,3,0,12,Yes,Yes,Other,,0.372283989,0.716570245,0.0619,428,5
12223911,22500,0,1,1,0,0,,4896.9,Alone,Service,Secondary,M,Female,CL,Home,0.035792,10087,1749,1169,,,1,0,0,Laborers,2,2,5,9,Yes,No,Self-employed,,0.170979572,0.673830078,,0,
12233762,22500,1,0,1,1,2,100692,4279.05,Alone,Service,Graduation dropout,M,Female,CL,Home,0.035792,17782,6032,,1332,7,1,0,0,,4,2,4,16,Yes,Yes,Transport: type 4,0.562353096,0.677441832,0.698667555,0.0082,2453,5
12278420,22500,1,0,0,1,1,54391.5,2829.15,Alone,Commercial,Secondary,M,Female,CL,Home,0.072508,13231,1014,1508,4177,3,1,1,1,Core,3,1,1,16,Yes,Yes,Business Entity Type 3,0.304894803,0.274624474,0.049601485,0.1979,1036,0
12210018,22500,1,0,1,0,0,22950,2736.45,Alone,Commercial,Graduation dropout,M,Male,CL,Home,0.04622,11656,939,5534,3871,8,1,0,1,,2,1,2,12,Yes,Yes,Business Entity Type 3,0.751972073,0.385197889,0.707699345,,254,1
12228458,11250,0,1,1,1,0,20250,1012.5,Alone,Service,Secondary,W,Male,RL,Home,0.008866,19865,6489,7156,3423,,1,0,0,Cooking,1,2,4,16,Yes,Yes,Restaurant,,0.365249373,0.656158373,,,1
12258329,11250,0,1,1,0,0,18000,900,Alone,Service,Secondary,M,Male,RL,Municipal,0.009334,10934,1413,1672,3115,,1,0,0,,2,2,4,12,Yes,Yes,Business Entity Type 3,,0.510851967,0.408358853,,1206,1
12264204,9000,0,1,0,1,0,45450,1925.55,Alone,,Secondary,M,Male,CL,Home,0.025164,,4618,9319,5209,,1,1,0,Cooking,2,2,3,10,Yes,Yes,School,,0.50048297,0.206778654,0.1381,2352,2
12216894,15750,1,0,,1,0,16173,1496.25,Alone,Commercial,Secondary,M,Female,CL,Home,0.030755,16821,4492,655,367,7,1,0,0,Drivers,2,2,1,12,Yes,No,Business Entity Type 2,0.560209067,,0.732403323,,611,1
12239589,17100,0,0,0,1,2,180000,4950,Alone,Govt Job,Graduation,M,Male,CL,Home,0.019689,10185,3083,618,489,,1,1,1,,4,2,0,13,Yes,Yes,Government,,0.159409469,0.609275667,0.2392,1856,1
12206570,13500,0,0,1,1,0,132300,3868.2,Alone,Service,Secondary,M,Female,CL,Home,0.019101,15015,2835,2722,2724,,1,0,0,,2,2,4,8,Yes,Yes,Self-employed,0.159216273,0.647322861,0.273564678,,2491,1
12203867,22500,0,0,0,1,0,78713.1,2614.5,Alone,Service,Secondary,S,Male,CL,Home,0.009175,17220,3173,7052,774,,1,1,0,Sales,1,2,1,,Yes,Yes,Self-employed,,0.748545867,0.832785025,0.0258,415,1
12265591,22500,0,1,1,1,0,64008,2997,Alone,Service,Graduation,M,Female,CL,Home,0.009657,15563,3008,2979,2772,,1,0,0,,2,2,2,13,Yes,Yes,Other,0.341693446,0.258279841,0.151007535,,173,5
12249185,31500,0,1,0,1,0,11989.35,1304.1,Alone,Retired,Graduation,M,Male,CL,Home,0.00702,,365243,10056,4408,,1,0,0,,2,2,2,13,Yes,Yes,XNA,,0.595038293,0.418854289,0.1381,2425,1
12215904,5400,0,0,0,1,0,27000,1350,Alone,Retired,Secondary,,Male,RL,Home,0.018029,21773,365243,2950,4995,,1,0,0,,2,2,5,11,Yes,Yes,XNA,0.762748572,0.659946205,,,1445,
12236074,12600,0,1,0,0,0,45450,1925.55,Alone,Service,Graduation,S,Female,CL,Home,0.003069,,3792,6491,4319,,1,0,0,Security,1,3,4,11,Yes,No,Security,,,0.260855914,,760,0
12203855,6750,0,1,0,0,0,21358.8,953.55,Alone,Govt Job,Secondary,M,Male,CL,Home,0.00702,18108,2913,9441,1661,,1,0,0,,2,2,6,10,Yes,Yes,School,0.71369861,0.686387129,0.372333666,,2464,1
12218799,11250,0,0,0,1,0,58500,1899.9,Alone,Service,Secondary,M,Male,CL,Home,0.028663,21301,4000,3986,3077,,1,0,0,Accountants,2,2,6,10,Yes,Yes,Business Entity Type 2,0.906055823,0.408981608,0.675413291,,203,4
12226531,13500,0,0,0,1,0,34380,1615.5,Partner,Service,Secondary,M,Female,CL,Home,0.016612,12822,187,197,,,1,0,1,,2,2,4,15,Yes,No,Self-employed,0.390980406,0.656660402,0.53348163,,1458,0
12251387,13500,0,0,1,1,0,18000,900,Alone,Service,Graduation dropout,M,Female,RL,Family,0.018801,8209,719,3492,863,,1,0,0,Laborers,2,2,4,12,Yes,Yes,Business Entity Type 3,,0.505348303,0.560284328,,622,2
12263155,27000,0,0,1,,2,45000,3862.8,Alone,Service,Graduation,M,Female,CL,Home,0.019689,11073,2820,845,3594,,1,0,0,Core,4,2,1,17,Yes,Yes,Business Entity Type 2,0.398892895,0.647477606,0.574446617,,1394,3
12270795,13500,0,0,0,1,0,38250,1912.5,Alone,Commercial,Secondary,M,Male,RL,Home,0.018029,20248,3216,8783,3674,,1,0,0,Sales,2,3,3,7,Yes,Yes,Self-employed,,0.363972727,,,335,0
12249588,11250,1,0,0,0,0,67500,2859.75,Alone,Service,Secondary,S,Male,CL,Home,0.019689,13227,1799,2451,3949,12,1,1,1,Drivers,1,2,5,13,Yes,Yes,Transport: type 3,0.431872149,0.740380245,0.735220999,0.2443,448,0
12274131,11250,0,1,0,1,0,,2086.2,Alone,Commercial,Secondary,M,Male,CL,Home,0.011703,21060,1086,8325,3966,,1,0,0,Cleaning,2,2,5,11,Yes,No,Business Entity Type 3,,0.296937296,0.517296581,,,5
12267252,17100,1,0,0,1,0,25470,1570.95,Alone,Retired,Graduation,W,,CL,Home,0.003818,24118,365243,2936,4578,11,1,0,1,,1,2,1,8,Yes,Yes,XNA,,0.676600263,0.7136314,0.0825,509,
12222828,18000,0,0,0,0,0,,3935.25,Alone,Service,Secondary,M,Male,CL,Home,0.007274,15568,3362,4310,4701,,1,0,1,Laborers,2,2,4,12,Yes,Yes,Business Entity Type 2,0.664556852,0.236618702,0.537069958,0.066,4,0
12267223,16200,0,0,1,1,0,24458.4,1417.05,Alone,Retired,Secondary,M,Male,CL,Home,0.007305,23702,365243,15027,,,1,0,1,,2,3,2,14,Yes,Yes,,,0.647088188,,0.0362,539,7
12252425,15750,1,0,1,0,1,120600,3194.1,Alone,Service,Graduation,M,Male,CL,Home,0.031329,10840,,322,3029,6,1,0,0,,3,2,4,15,Yes,No,Medicine,0.437998393,,0.789880347,0.1485,4,0
12245565,11250,0,0,1,1,0,27000,1350,Alone,Service,Graduation,D,Male,RL,,0.005002,17347,1280,7248,888,,1,0,0,IT,1,3,1,16,Yes,Yes,University,,0.644401913,0.350695843,0.0567,564,0
12251163,20250,0,0,1,1,1,58500,2925,Alone,Service,Graduation,M,Female,RL,Municipal,0.009175,16690,184,2935,182,,1,0,1,,3,2,1,11,Yes,Yes,Business Entity Type 3,0.413245719,0.685836123,0.273564678,0.0825,0,0
12239167,9000,0,1,1,1,2,18000,900,Alone,Service,junior secondary,M,,RL,Home,0.009549,11864,458,5079,4063,,1,0,0,Core,4,2,6,17,Yes,Yes,Kindergarten,0.36471447,0.468989769,0.171468367,,217,0
12250883,9000,0,0,0,0,0,22500,2191.95,Alone,Service,Secondary,S,Male,CL,Home,0.0228,21811,2504,6019,1191,,1,0,0,Sales,1,2,2,11,Yes,Yes,Business Entity Type 2,,0.418630023,0.595456203,0.0835,2458,2
12277869,6750,1,0,0,0,0,31500,2036.7,Alone,Service,Secondary,M,Female,CL,Home,0.020246,22746,600,5168,4676,37,1,1,0,,2,3,1,12,Yes,Yes,Business Entity Type 2,,0.374524983,,,1581,0
12265247,25650,1,,1,0,0,90000,2644.2,Alone,Service,Secondary,M,Male,CL,Home,0.028663,12891,1011,967,2995,12,1,1,0,,2,2,2,,Yes,Yes,Self-employed,,0.684869421,0.665854922,,1845,2
12231791,24750,1,0,1,0,0,45000,1696.5,Alone,Service,Secondary,M,Female,CL,Home,0.032561,16113,,6956,4452,16,1,1,1,Drivers,2,1,1,22,Yes,Yes,Transport: type 4,,0.694133814,,0.1564,1702,3
12266385,31500,1,,1,0,2,83560.5,,Alone,Commercial,Graduation,M,Male,CL,Municipal,0.04622,13762,675,6598,4330,3,1,0,0,Sales,4,1,1,19,Yes,No,Construction,,0.666510504,0.331250865,,1640,0
12271127,9000,0,0,0,1,0,67500,2190.6,Relative,Service,Secondary,W,,CL,Home,0.030755,18793,4454,9486,2309,,1,0,0,Waiters/barmen,1,2,3,11,Yes,Yes,Medicine,,0.651052995,0.417099668,,1761,
12261293,20250,1,0,1,1,0,29191.5,2305.35,Relative,Service,Graduation dropout,M,Female,,Home,0.00733,11247,312,3632,3634,21,1,0,0,Drivers,2,2,4,12,Yes,Yes,Transport: type 3,0.256235558,0.721901877,0.470456116,0.0742,2566,1
12210457,11250,0,0,0,0,0,55700.55,2077.2,Alone,Service,Secondary,M,Male,CL,Home,0.035792,18783,731,6220,2329,,1,0,0,Sales,2,2,0,11,Yes,Yes,Trade: type 7,,0.661137703,0.691021227,,4,0
12228291,13500,0,0,0,1,0,25470,2532.15,Alone,Retired,Secondary,M,Female,CL,Home,0.018634,24262,365243,11935,975,,1,0,0,,2,2,3,13,Yes,Yes,XNA,,0.523650413,0.232724776,0.0557,879,3
12221148,13500,0,0,1,1,0,67500,3247.2,Alone,Service,Graduation,M,Male,CL,Home,0.028663,10811,865,4771,2350,,1,1,0,,2,2,3,10,Yes,Yes,Business Entity Type 3,,0.754402123,,,624,2
12212340,,,0,0,1,1,84099.6,2726.1,Alone,Service,Secondary,M,Female,CL,Home,0.020246,13696,1309,294,4698,8,1,0,0,Managers,3,3,2,10,Yes,Yes,Business Entity Type 3,0.627648863,,0.629674251,0.1856,639,1
12266521,15750,0,1,1,1,0,75519,3339.45,Alone,Retired,Secondary,S,Male,CL,Home,0.008866,23374,365243,635,4140,,1,0,0,,1,2,1,12,Yes,Yes,XNA,,0.466458261,0.595456203,0.1031,1103,3
12212107,18000,0,1,1,1,1,40500,2025,Alone,Service,Graduation,M,Male,RL,Home,0.031329,15385,90,4800,4016,,1,1,0,IT,3,2,1,16,No,Yes,Business Entity Type 3,0.871908294,,0.328063161,,214,0
12224380,19350,0,1,1,1,0,22950,,Relative,Service,Secondary,D,Male,CL,Home,0.028663,15603,1821,1762,2988,,1,0,1,,1,,2,13,Yes,Yes,Business Entity Type 2,,0.316310182,0.304672184,0.0082,1462,2
12200095,13500,0,0,1,1,0,12735,1203.75,Alone,Service,Secondary,S,Male,CL,Home,,11897,2544,9,4271,,1,0,0,Waiters/barmen,1,3,5,13,No,Yes,Transport: type 4,,0.512272599,0.342528872,,415,6
12241783,18900,0,0,1,1,0,64008,2425.95,Alone,,Secondary,M,Male,CL,Home,0.015221,15329,2578,113,4790,,1,1,0,Sales,2,,3,10,Yes,No,Self-employed,,0.242177088,0.461482391,0.0186,736,6
12212211,18000,1,1,1,1,0,112500,3642.3,Alone,Service,Secondary,M,Male,CL,Family,0.01452,10450,1929,978,985,2,1,0,0,Sales,2,2,0,10,No,Yes,Self-employed,0.416599741,0.59950924,0.528092751,0.0371,1997,1
12253374,18000,0,1,1,0,2,116097.3,3407.4,Relative,Service,Secondary,M,Male,CL,Family,0.035792,13440,370,,2543,,1,0,0,,4,2,6,12,Yes,No,Housing,0.395567859,0.200726282,0.078015767,,1842,2
12246641,10350,1,1,1,0,4,10188,1221.75,Alone,,Secondary,M,Male,CL,Home,0.006305,11015,1592,837,964,18,1,1,1,Sales,6,3,2,5,Yes,Yes,Self-employed,,0.625125021,,0.0082,322,
12210832,27000,1,0,1,0,0,90000,8767.8,Alone,Commercial,Graduation,M,Female,CL,Home,0.072508,22754,6265,4801,4801,8,1,1,0,Managers,2,1,2,16,Yes,Yes,Business Entity Type 3,0.676719852,0.703704576,0.556727426,,603,1
12259467,18000,0,0,0,0,0,113850,3016.35,Partner,Commercial,Graduation,M,Female,CL,Home,0.02461,10736,1641,490,3410,,1,0,0,Laborers,2,2,3,16,Yes,Yes,Business Entity Type 3,,0.366736111,0.77008707,,10,0
12255221,15750,0,1,0,1,0,22500,1220.4,Alone,Service,Secondary,M,Male,CL,Home,0.022625,18368,777,4153,1753,,1,1,0,Cleaning,2,2,5,13,Yes,Yes,Business Entity Type 3,,0.289716742,0.497468889,,,7
12269188,13500,1,0,,0,0,18000,900,Alone,Service,Secondary,S,Female,RL,,0.0228,8179,568,2967,846,8,1,0,0,Drivers,1,2,2,12,Yes,No,Transport: type 1,,0.075732302,,,0,2
12274161,13050,0,0,0,1,0,67500,2437.65,Alone,Retired,Graduation,M,Male,CL,Home,0.035792,20167,365243,1381,3698,,1,0,1,,2,2,5,15,No,Yes,XNA,0.742048361,0.346520082,0.718032811,,378,3
12239050,6750,1,,0,0,0,52649.1,1752.75,Kids,Service,Secondary,M,Male,CL,,0.0105,15857,,7629,4227,24,1,1,1,Laborers,2,3,3,14,Yes,Yes,Agriculture,,,0.45432106,,2020,1
12265895,15750,0,0,1,0,0,38250,,Partner,Commercial,Secondary,S,Male,CL,Home,0.04622,20378,3395,11392,3876,,1,0,0,Laborers,1,1,6,9,Yes,Yes,Business Entity Type 2,,0.648510111,0.394495405,0.1278,705,1
12221041,11250,0,0,1,1,0,26056.8,2749.05,Alone,Service,Secondary,D,Female,CL,Home,0.009657,14221,979,8214,1510,,1,0,0,Laborers,1,2,1,11,Yes,Yes,Business Entity Type 3,,0.194790684,,0.067,393,
12279936,13500,0,1,1,1,2,27000,1350,Alone,Service,Secondary,M,Female,RL,Home,0.009657,15306,2522,1411,3454,,1,0,0,Laborers,4,2,6,10,Yes,No,Business Entity Type 3,0.212180091,0.410525935,0.574446617,,1020,1
12242836,13500,1,1,0,0,0,36000,2202.3,Alone,Service,Secondary,M,Female,CL,Home,0.028663,10831,603,881,3029,65,1,0,0,Drivers,2,2,1,10,Yes,Yes,Business Entity Type 3,,0.195185422,0.331250865,0.2108,1520,3
12253724,9000,0,0,0,1,0,15282,1034.1,Alone,Service,Secondary,M,Male,CL,Home,0.026392,18096,3521,3292,1634,,1,1,1,Laborers,2,2,5,11,Yes,Yes,Self-employed,0.888610378,0.747181013,0.495665829,0.068,1291,2
12257076,11250,1,1,1,1,0,67500,2859.75,Alone,Service,Secondary,M,Female,CL,Home,0.018634,9527,185,4410,1673,9,1,1,1,Sales,2,2,3,12,Yes,No,Business Entity Type 3,,0.332943821,,0.3021,371,
12226015,13500,,1,0,1,0,26955,1889.1,Relative,Retired,Secondary,M,Male,CL,Home,0.028663,24188,365243,11503,3950,,1,0,0,,2,2,4,8,Yes,Yes,XNA,,0.627729752,,0.0825,1512,
12204839,18000,1,1,1,,0,27000,1350,Alone,Commercial,Secondary,M,Male,RL,Home,0.0228,17714,405,7347,1254,5,1,0,0,Private service,2,2,0,17,Yes,Yes,Business Entity Type 3,,0.639677797,0.746300213,0.0979,2458,0
12262002,13500,0,1,1,1,0,51206.4,1943.1,Alone,Service,Graduation,M,Male,CL,Home,0.02461,16617,1034,3362,3,,1,0,0,,2,2,0,10,Yes,No,Business Entity Type 3,,0.712495292,0.551381262,0.0825,2535,1
12228938,5400,0,1,1,1,0,55527.3,1804.05,Alone,Service,Secondary,M,Male,CL,Home,0.031329,15198,7309,5498,1788,,1,0,0,Cleaning,2,2,5,12,Yes,Yes,Industry: type 9,,0.530638201,0.360612566,,295,0
12222102,7200,0,1,0,1,0,24750,1237.5,Alone,Commercial,Secondary,M,Male,RL,Home,0.018209,16156,4153,2303,2752,,1,0,0,Sales,2,3,4,7,Yes,Yes,Self-employed,,0.183402838,0.565607981,0.299,224,0
12242386,20250,0,1,0,1,0,26955,1651.05,Relative,Commercial,Secondary,M,Female,CL,Home,0.010556,21754,661,1736,,,1,1,0,Drivers,2,3,1,13,Yes,Yes,Business Entity Type 3,,0.476576992,,,557,
12248849,10800,1,0,1,0,2,67387.5,2488.5,Alone,Govt Job,Graduation,M,Male,CL,Home,0.00496,12043,3277,5936,2530,4,1,0,0,Core,4,2,5,12,Yes,Yes,Government,,0.712486333,,,602,
12251709,20250,,1,1,1,0,12735,1240.2,Alone,Govt Job,Graduation,D,Male,CL,Home,0.002506,16654,8171,3961,179,,1,0,0,Core,1,2,1,6,Yes,Yes,School,0.752571698,0.683976749,0.681705878,0.066,729,2
12264963,15750,1,0,0,1,2,48564,3774.15,Alone,Service,Graduation,M,Male,CL,Home,0.018634,10120,3368,1772,2623,1,1,0,0,Core,4,2,0,10,Yes,Yes,Trade: type 2,0.750089491,0.602168213,,,1374,
12258061,,0,1,0,0,0,108221.4,3163.95,Alone,Service,junior secondary,D,Male,CL,Home,0.026392,8924,1044,2883,847,,1,0,0,Laborers,1,2,3,13,Yes,Yes,Industry: type 11,,0.632052778,0.24318648,0.0979,498,0
12232302,9000,1,0,0,1,0,52649.1,3233.7,Alone,Service,Secondary,W,Female,CL,Home,0.018634,19950,880,47,2996,6,1,0,0,Drivers,1,2,1,15,Yes,Yes,Business Entity Type 3,0.324572417,0.675182318,0.833786999,,691,1
12237828,4950,,0,0,1,0,14836.5,,Alone,Service,Secondary,S,Female,CL,Home,0.009175,11908,1253,3797,2363,,1,1,1,Drivers,1,2,6,12,Yes,Yes,Self-employed,0.754827971,0.285897872,0.64797686,,801,1
12248299,17010,1,0,1,1,0,102474,4929.75,Alone,Service,Graduation,S,Female,CL,Family,0.019101,9047,144,3855,1658,16,1,0,0,,1,2,3,11,Yes,No,Business Entity Type 3,,0.313649066,0.67224289,,0,0
12209536,22500,1,1,0,1,4,59256,3227.4,Others,Service,Secondary,M,Female,CL,Family,0.030755,12372,2101,739,2896,5,1,0,0,Managers,6,2,1,11,Yes,Yes,Self-employed,0.255481575,0.515146016,,0.1031,328,
12279684,22500,0,1,0,1,0,110798.1,3252.6,Alone,Service,Graduation,M,Male,CL,Home,0.022625,13388,443,,2548,,1,0,0,Accountants,2,2,3,12,Yes,Yes,Business Entity Type 3,0.799192593,0.704160322,0.692559067,0.1485,492,1
12221355,6750,0,0,1,1,1,81404.1,,Relative,Service,Graduation dropout,M,Male,CL,Home,0.020246,17829,,6272,1341,,1,0,0,,3,3,1,14,Yes,No,Security,0.91517191,0.541015102,0.659405532,,1588,6
12200085,18000,0,1,1,1,0,36319.05,2644.65,Alone,Service,Graduation,M,Male,CL,Home,0.010032,15186,2715,2752,4161,,1,0,0,,2,2,5,2,Yes,Yes,Business Entity Type 2,,0.172076523,0.340906426,0.1649,838,4
12270395,9000,0,1,0,0,0,52128,2308.95,Alone,Commercial,Secondary,M,Male,CL,Home,0.019689,11907,524,5908,3542,,1,0,0,Laborers,2,2,4,16,Yes,No,Business Entity Type 3,0.666931071,0.580894579,,,1839,
12257316,4950,0,0,0,,0,32702.4,1890.45,Relative,Retired,Secondary,M,Male,CL,Home,0.018029,23613,365243,1120,4571,,1,0,0,,2,2,5,7,Yes,Yes,XNA,,0.132096162,0.524496446,,1269,0
12209382,85500,1,1,0,1,1,135000,6750,Alone,Commercial,Graduation,M,Male,RL,Home,0.072508,15781,7029,8894,4538,4,1,0,1,,3,1,0,17,Yes,Yes,Bank,,0.776910118,0.728141299,0.2251,168,0
12224165,22500,0,1,1,1,0,38250,1912.5,Relative,Service,Secondary,S,,,Home,0.032561,19055,419,6976,2588,,1,0,0,Laborers,1,1,1,19,Yes,Yes,Self-employed,,0.666617428,,0.4567,631,
12206338,7650,0,1,1,1,2,131211,5572.35,Alone,Govt Job,Secondary,M,Male,CL,Home,0.018029,15067,3397,1059,4987,,1,0,0,Core,,2,6,5,Yes,Yes,Government,,0.192316054,0.347418227,,1209,5
12253833,22500,0,0,0,1,0,125568,4162.95,Alone,Govt Job,Secondary,M,Male,CL,Home,0.006233,15937,2083,1770,2939,,1,0,1,Laborers,2,2,4,15,Yes,Yes,Medicine,,0.66550847,0.2881296,0.0742,1070,4
12243087,13500,1,0,0,0,0,45000,1629.45,Alone,Retired,Secondary,,Male,CL,,0.0228,19659,365243,7948,3202,18,1,0,0,,1,2,5,8,Yes,Yes,XNA,0.622282878,0.603681196,0.511891802,,1534,2
12254149,12600,0,1,0,,0,54449.1,1769.4,Alone,Service,Secondary,M,Female,CL,Home,0.015221,21272,1637,6242,4424,,1,1,1,Laborers,2,2,1,9,Yes,Yes,Industry: type 11,,0.576965905,0.524496446,,0,
12201867,11250,0,0,0,0,0,45000,,Alone,Service,Secondary,M,Female,CL,,0.01452,10144,1505,95,2723,,1,0,0,Drivers,2,2,3,9,Yes,Yes,Security Ministries,0.086053106,0.231942731,0.448962273,,30,1
12241395,13500,0,0,1,0,0,128835,3766.95,Relative,Service,Secondary,M,Female,CL,,0.007274,20032,2785,6256,3567,,1,1,1,Drivers,2,2,1,11,No,No,Transport: type 3,,0.663612208,0.432961667,0.0072,2336,1
12214064,13500,0,0,1,1,0,70200,2332.8,Alone,Commercial,Secondary,M,Male,CL,Home,0.025164,16768,2478,246,306,,1,0,0,Core,2,2,2,,Yes,Yes,Trade: type 7,,0.765239381,0.827702668,,1238,6
12217543,9000,0,0,1,1,3,31500,1531.8,Relative,Service,Secondary,M,Male,CL,Home,0.035792,10707,1071,2322,2196,,1,1,1,Laborers,5,2,0,12,No,No,Self-employed,,0.248729698,0.15951954,,702,2
12263318,9900,0,1,0,1,0,25470,2687.4,Kids,Retired,Secondary,,Male,CL,Home,0.030755,20833,365243,3130,4097,,1,0,0,,2,2,6,12,Yes,Yes,XNA,0.804264875,0.682983297,0.522697317,0.1175,134,3
12274235,11250,1,0,1,1,4,27000,1350,Alone,Govt Job,Secondary,M,Female,RL,Home,0.010966,12885,2123,1068,4435,7,1,0,0,Core,6,2,5,13,Yes,Yes,Police,,0.618769995,0.53527625,0.0598,819,1
12204297,9000,1,0,1,0,0,19188,2066.4,Alone,Service,Secondary,M,Female,CL,Home,0.030755,18251,1411,9998,1792,14,1,0,0,Drivers,2,2,5,9,Yes,Yes,Transport: type 3,,0.626927111,,,1121,
12252696,22500,1,0,1,1,1,16300.8,1852.2,Alone,Govt Job,Graduation,M,Female,CL,Home,0.014464,11909,3188,1528,3900,14,1,0,0,Drivers,3,2,4,5,Yes,Yes,Military,0.524120369,0.683598488,0.687932838,,1894,4
12256836,18000,1,0,1,1,0,26368.65,2781.9,Alone,Commercial,Graduation,D,Male,CL,Home,0.031329,20477,3929,8993,3358,7,1,0,0,Accountants,1,2,1,11,Yes,Yes,Business Entity Type 3,,0.690065739,0.641368257,0.3845,3314,3
12237638,12600,0,0,1,0,1,76022.55,3028.05,Alone,Service,Graduation,,Female,CL,,0.009175,12852,566,750,4811,,1,0,0,Laborers,3,2,5,9,Yes,Yes,Business Entity Type 1,0.300023661,0.493064838,0.777659443,0.0619,0,3
12245206,38250,,0,0,1,0,58950,2297.25,Alone,Commercial,Secondary,M,Male,CL,Home,0.026392,15949,521,9814,4705,,1,0,0,Security,2,2,4,10,Yes,No,Security,,,0.619527708,,1290,9
12250851,6750,1,0,1,0,0,22500,1464.75,Alone,Service,Secondary,M,Male,CL,Home,0.008866,10687,3294,2225,3348,7,1,0,0,Core,2,2,2,15,Yes,Yes,Kindergarten,,0.467356347,,0.0082,634,
12273309,9000,1,,0,1,1,27000,1350,Alone,Commercial,Secondary,D,Female,RL,Home,0.02461,14893,1025,5344,1747,2,1,0,1,Drivers,2,2,6,15,Yes,Yes,Other,0.254613279,0.661519727,0.544234741,0.0371,629,3
12256664,,0,0,1,0,3,54504,2650.95,Alone,Service,Secondary,M,Male,CL,Home,0.016612,14012,1394,6694,3697,,1,1,0,Laborers,5,2,2,12,Yes,No,Business Entity Type 3,0.382510816,0.530420341,0.64797686,,1188,0
12229632,13500,0,1,0,1,0,55098,4365.9,Alone,Service,Secondary,M,Male,CL,Home,0.011657,17675,9718,11089,1228,,1,0,0,Cooking,2,1,6,14,Yes,Yes,Government,,0.667705139,0.429423684,0.0515,2414,2
12264087,9000,0,1,1,0,0,107820,3152.25,Alone,Service,Secondary,M,Male,CL,Rental,,17195,1440,1278,731,,1,1,0,Laborers,2,2,5,13,Yes,No,Cleaning,,0.16141804,0.153802586,,1112,0
12256043,31500,0,1,0,1,0,90000,6264,Alone,Commercial,Secondary,D,Female,CL,Home,0.002506,14679,2293,1660,4369,,1,0,0,Laborers,1,2,4,6,Yes,No,Transport: type 4,,0.750577813,0.610991328,0.0247,188,
12217505,,1,0,0,1,0,23985,2336.4,Alone,Retired,Secondary,,Male,CL,Home,0.009175,23786,365243,3807,4184,17,1,0,1,,1,2,1,18,Yes,Yes,XNA,,0.734627247,0.736622698,0.0732,1752,2
12245952,11700,0,0,1,0,0,24750,1666.8,Alone,Service,Secondary,M,Male,CL,Home,0.010032,11707,487,309,3817,,1,0,0,Waiters/barmen,2,2,2,9,Yes,Yes,Self-employed,,0.525613716,,,308,0
12211215,,0,0,1,1,0,75519,3632.85,Alone,Govt Job,Secondary,M,Male,CL,Rental,0.030755,16519,703,6047,69,,1,0,0,Laborers,2,2,1,,Yes,Yes,Business Entity Type 3,,0.545708365,0.452533559,,290,1
12280153,22500,0,0,1,0,0,146761.2,6218.1,Relative,Commercial,Secondary,M,Male,CL,Home,0.01885,14762,356,231,5383,,1,1,0,,2,2,5,14,No,No,Business Entity Type 3,,0.712902753,0.492060094,,1347,1
12279395,6750,0,0,1,0,0,28440,1913.4,Alone,Service,Secondary,M,Male,CL,Municipal,0.031329,,1048,4071,764,,1,1,0,Waiters/barmen,2,2,5,8,Yes,Yes,Business Entity Type 3,0.394864289,0.45208443,0.612704244,0.0041,1942,0
12209789,18000,1,0,0,0,2,70083,1861.65,Alone,Service,Secondary,M,,CL,Home,0.019689,12431,824,6336,4749,14,1,0,0,Drivers,4,,2,7,Yes,Yes,Construction,,0.616807869,0.546023197,0.0247,19,1
12210997,8550,0,0,0,1,0,,1090.8,Alone,Service,Secondary,M,Male,CL,Home,0.008866,19137,2571,12015,2648,,1,0,0,,2,2,4,17,No,Yes,Self-employed,,0.335308314,0.252598698,,2304,0
12270086,31500,0,0,0,1,1,136990.35,5817.15,Alone,Retired,Secondary,M,Male,CL,Home,0.072508,20162,365243,3079,3596,,1,0,0,,3,1,1,11,Yes,Yes,XNA,0.768079734,0.684316975,0.641368257,,2526,4
12257513,18000,1,0,1,1,0,80865,2983.95,Alone,Retired,Secondary,S,Female,CL,Home,0.011703,20070,365243,3534,3530,0,1,0,1,,1,2,4,10,Yes,Yes,XNA,0.647900348,,,0.0052,2175,1
12228744,13500,0,0,1,1,0,72846,3893.85,Alone,Govt Job,Secondary,S,Male,CL,Home,0.011703,16960,10285,8401,486,,1,0,0,High skill tech,1,2,5,15,Yes,Yes,Industry: type 11,,0.641324311,0.331250865,,736,1
12276843,12150,1,0,0,0,0,24750,1237.5,Alone,Service,Secondary,M,Male,,Municipal,0.007305,15161,2839,2669,4251,11,1,1,1,Sales,2,3,5,13,Yes,Yes,Business Entity Type 3,0.446150035,0.507436313,0.481249341,0.0309,1756,0
12272465,15750,0,,1,0,0,67500,3260.25,Alone,Commercial,Secondary,S,Female,CL,Home,0.011657,12148,1823,5811,4367,,1,0,1,Laborers,1,1,2,18,Yes,No,Business Entity Type 2,,0.535270286,0.746300213,0.0825,1160,1
12221112,12150,0,1,0,0,0,90000,3188.7,Alone,Service,Graduation,M,Male,CL,Municipal,0.02461,11811,2648,5722,4456,,1,1,1,,2,2,0,16,Yes,Yes,University,0.709006869,0.700021075,0.231439351,0.1649,870,2
12213522,22500,0,1,0,1,0,45000,2250,Alone,Service,Graduation,W,Male,RL,Home,0.035792,22667,1420,9337,4322,,1,0,0,High skill tech,1,2,2,19,Yes,Yes,Transport: type 4,,,0.556727426,0.2474,596,0
12216543,20250,1,0,0,1,1,53691.75,3010.95,Alone,Service,Secondary,M,Male,,Home,0.018029,12035,4019,,4654,64,1,0,0,,3,3,4,8,Yes,Yes,Business Entity Type 1,0.386445677,0.12752189,0.461482391,0.0711,78,0
12272056,9900,0,1,1,0,0,47404.8,2433.15,Alone,Service,Graduation,S,Male,CL,Shared,0.0105,9020,201,7365,,,1,0,0,Core,1,,3,15,Yes,Yes,Self-employed,0.453454307,0.554751096,0.52629494,0.1216,535,0
12221787,11250,0,1,1,1,0,67500,1973.7,Alone,Retired,Graduation,D,Male,CL,,0.0228,21821,365243,400,4084,,1,0,0,,1,2,6,10,Yes,Yes,XNA,,0.716438832,0.729566691,0.0773,93,0
12248923,6750,0,,,1,0,9000,,Relative,Service,Secondary,M,Female,CL,,0.026392,15285,6491,4289,4302,,1,0,0,Low-skill Laborers,2,2,6,14,Yes,Yes,Business Entity Type 3,,0.639803794,0.323311245,,1768,2
12238279,11250,0,0,0,1,0,,2875.95,Relative,Retired,Secondary,M,Male,CL,Home,0.018029,23984,365243,8637,4151,,1,0,0,,2,3,1,9,Yes,Yes,XNA,0.639965861,0.160484853,,0.0124,540,1
12268829,13500,0,1,1,1,2,129140.55,8678.25,Alone,Service,Secondary,M,Male,CL,Home,0.020713,14360,1565,66,5345,,1,0,0,Cleaning,4,2,1,11,Yes,Yes,Culture,0.720258011,,,0.0124,2113,2
12204308,15750,1,1,1,0,0,134489.25,3945.15,Alone,Service,Secondary,,Female,CL,Home,0.035792,17412,399,9534,969,7,1,0,0,Laborers,2,2,5,10,Yes,Yes,Self-employed,,0.625591237,,,1379,1
12200153,36000,0,1,0,1,0,104256,3458.7,Alone,Service,Secondary,M,Male,CL,Home,0.032561,20023,4953,9491,,,1,0,0,Laborers,2,1,4,13,Yes,Yes,Transport: type 4,0.711555291,0.72993733,0.537069958,0.6557,2386,2
12228407,15750,0,1,0,0,0,31500,3392.55,Partner,Service,Secondary,M,Female,CL,Home,0.00702,,1677,5629,4430,,1,0,0,,2,2,1,17,Yes,Yes,Restaurant,,0.123890666,,,257,
12200205,15750,0,1,0,1,1,27627.75,1423.35,Alone,Commercial,Secondary,M,Female,CL,Home,0.008019,9925,,1554,2260,,1,0,0,Drivers,3,2,2,12,Yes,Yes,Government,0.083214827,0.708835247,,0.1227,1620,1
12226184,9900,1,0,1,1,0,22500,1741.05,Alone,Govt Job,Secondary,M,Male,CL,Home,0.030755,15605,3128,4452,3168,18,1,0,0,Core,2,2,6,12,Yes,Yes,Kindergarten,0.780225074,0.551059027,0.808393591,,2564,2
12243659,13500,1,0,1,1,2,90000,3201.75,Alone,Service,Secondary,M,Female,CL,Home,0.026392,15106,1566,636,2953,6,1,0,0,Security,4,2,1,11,Yes,Yes,Kindergarten,,0.608333206,0.273564678,0.1856,811,6
12258393,7875,0,0,0,0,0,80865,2364.3,Alone,Govt Job,Secondary,W,Male,CL,,0.035792,19221,11302,12410,2753,,1,0,1,Core,1,2,2,14,Yes,Yes,Postal,,0.661480555,0.662637792,,1715,
12236265,11250,1,0,0,1,2,45000,2454.3,Alone,Commercial,Secondary,D,Male,CL,Home,0.011703,10704,1943,183,2403,21,1,0,1,Sales,3,2,3,14,Yes,No,Business Entity Type 3,,0.631289612,0.410102573,0.0082,1552,7
12237105,9000,1,0,0,1,0,18000,1793.25,Relative,Retired,Graduation,D,Male,CL,Home,0.018209,21064,365243,9465,2520,13,1,0,0,,1,3,2,7,Yes,Yes,XNA,0.852218555,0.766509812,0.45432106,0.1485,402,0
12266783,22500,0,0,0,1,0,110250,3236.4,Alone,Govt Job,Secondary,M,Male,CL,Home,0.026392,20062,734,14150,3620,,1,0,1,Medicine,2,2,5,,Yes,Yes,Other,,0.604434332,0.434733249,0.0825,146,2
12240292,11250,0,0,0,1,0,23985,2385,Alone,Retired,Secondary,M,Male,CL,Home,0.04622,23566,,608,4532,,1,0,0,,2,1,1,11,Yes,Yes,,,0.735249191,0.474051289,0.068,131,1
12270561,11250,0,1,0,1,0,22500,1125,Alone,Commercial,Secondary,M,Male,RL,Home,0.019101,18495,11612,7029,2032,,1,0,0,High skill tech,2,2,4,12,Yes,Yes,Industry: type 7,,0.32302514,0.450747282,,792,9
12226702,20250,0,0,0,1,1,64008,3126.15,Alone,,Secondary,M,Male,CL,Home,0.072508,9641,,4472,1655,,1,0,1,,3,1,4,16,Yes,Yes,Business Entity Type 3,,0.655678622,0.53527625,0.132,1291,1
12246393,13500,,0,1,1,0,28440,1864.35,Alone,Commercial,Secondary,M,Male,CL,Home,0.019689,13088,193,1951,2666,,1,0,0,Security,2,2,,9,Yes,Yes,Business Entity Type 3,,0.58649517,,,595,1
12268724,,0,1,1,0,0,22003.2,842.4,Alone,Service,Graduation,S,Male,CL,Home,0.035792,12602,1757,1672,3807,,1,0,0,Cooking,1,2,2,9,Yes,No,Business Entity Type 3,0.463072406,0.689560404,0.740799088,,1995,5
12275343,11250,1,0,0,0,0,112950,3118.95,Alone,Retired,Secondary,D,Male,CL,Home,0.0228,22553,365243,1121,3869,1,1,0,0,,1,2,4,,Yes,Yes,XNA,,0.646543674,0.537069958,0.1887,1783,3
12224028,22500,0,0,0,1,1,65070.45,3335.4,Relative,Service,Secondary,M,Female,CL,Home,0.020713,9180,287,1597,1777,,1,0,0,Laborers,3,3,2,12,No,No,Business Entity Type 3,,0.14649693,,,0,
12242240,36000,0,1,1,1,1,75015.45,3621.6,Alone,Commercial,Secondary,M,Female,CL,Home,0.072508,17485,1999,1771,,,1,0,0,Managers,3,1,3,19,Yes,Yes,Business Entity Type 3,0.499090141,0.371461617,0.486653157,0.1443,0,
12264064,22500,0,0,1,0,0,108221.4,3177,Alone,Service,Secondary,D,Male,CL,Home,0.022625,14723,4962,763,5973,,1,0,0,,,2,1,14,No,Yes,Business Entity Type 3,0.645891313,0.569240628,0.789880347,,1638,5
12273230,11250,0,1,1,0,2,64008,3113.1,Alone,Service,Secondary,M,Male,CL,Home,0.022625,10844,283,836,787,,1,1,0,Laborers,4,2,2,18,Yes,No,Business Entity Type 3,,0.604078746,0.562060483,,1928,4
12235107,13050,1,0,0,1,0,83538,,Alone,Service,Secondary,M,Female,CL,Home,0.019689,21635,3648,2803,4796,3,1,0,0,Laborers,2,2,4,15,Yes,Yes,Business Entity Type 2,,,0.636376171,,1540,0
12252219,10508.4,0,0,0,1,1,55380.6,2268.45,Alone,Commercial,Secondary,M,Female,CL,Home,0.030755,10553,599,1852,,,1,1,1,Laborers,3,2,5,16,Yes,No,,0.095743038,0.428898059,,,375,
12259899,13500,0,1,0,,2,57340.8,,Relative,Service,,M,Male,CL,Home,0.030755,13586,3956,3753,34,,1,0,0,Core,4,2,3,18,Yes,Yes,Kindergarten,0.300460091,0.155252282,,0.0619,0,
12276191,,0,0,1,1,0,42664.5,1892.25,Alone,Commercial,Secondary,D,Male,CL,Home,0.072508,13437,531,2169,,,1,0,1,,1,1,4,18,Yes,Yes,Business Entity Type 3,0.657667114,0.696205177,0.593717587,0.3299,722,3
12249241,13500,1,0,0,1,0,36000,1800,Alone,Service,Graduation,M,Male,RL,Home,0.031329,21409,7118,1302,4930,1,1,0,1,Managers,2,2,6,12,Yes,Yes,Business Entity Type 3,,0.676308316,0.447178578,,1513,1
12273170,20250,1,1,0,1,0,76500,3906,Alone,Service,Secondary,M,Male,CL,Home,0.030755,12121,1794,,2014,15,1,0,0,Laborers,2,2,6,10,Yes,Yes,Self-employed,0.31587357,0.696034022,0.105473186,,2011,2
12245442,12150,1,1,1,1,0,22500,1777.5,Alone,Service,Graduation,M,Male,CL,Home,0.030755,12103,1338,224,3775,11,1,1,0,Accountants,2,2,6,10,Yes,Yes,,0.611816544,0.278320709,0.340906426,,2267,0
12279689,15750,0,0,1,0,0,67500,6588.9,Alone,Service,Graduation,S,Male,CL,Home,0.035792,15190,3472,2188,1164,,1,0,0,,1,2,0,12,Yes,Yes,Self-employed,0.527001123,0.595027754,0.553164699,0.2021,528,1
12220762,18000,0,0,0,0,0,67500,,Alone,Service,Graduation,M,Male,CL,Home,0.018801,11871,2986,1568,1889,,1,0,0,Core,2,2,6,11,Yes,Yes,Police,,0.593277105,0.595456203,0.234,1525,0
12264945,22500,0,0,0,1,0,14400,1424.25,Alone,Service,Secondary,D,Male,CL,Home,0.008625,21633,1499,813,4739,,1,0,0,Security,1,2,5,,Yes,Yes,Other,,0.682367465,0.6075573,0.1062,1879,8
12240423,9000,0,0,1,0,0,28440,1034.55,Partner,Retired,Secondary,M,Male,CL,,0.006305,23123,365243,4182,4572,,1,0,0,,2,3,4,9,Yes,Yes,XNA,,0.680682521,,,2515,
12222289,14400,0,0,0,1,0,31410,1396.35,Alone,,Secondary,S,Male,CL,Home,0.020713,18910,179,8019,2450,,1,0,0,,1,2,4,12,Yes,Yes,Business Entity Type 3,,0.780137626,0.492060094,0.0495,2380,0
12260876,13050,,0,0,1,2,67500,1973.7,Partner,Retired,Secondary,M,Female,CL,Home,0.010966,17943,365243,2398,1374,4,1,0,1,,4,2,5,12,Yes,Yes,XNA,,0.433510547,,,2565,0
12217982,23400,0,1,0,1,1,45000,2201.85,Relative,Service,Secondary,M,Male,CL,Home,0.010006,9914,179,479,1776,,1,0,0,Sales,3,2,6,13,Yes,Yes,Transport: type 4,0.548101857,0.611563972,0.488455184,,2437,0
12232109,9000,0,0,0,1,0,28440,1601.1,Alone,Retired,Graduation,M,Male,CL,Home,0.010147,24290,365243,69,2163,,1,0,0,,2,2,1,11,Yes,Yes,XNA,0.864603496,0.393599866,0.235310517,,757,2
12246463,15750,0,0,1,1,0,45000,1629.45,Alone,Retired,Secondary,W,Male,CL,Home,0.018209,,365243,6778,3250,,1,0,1,,1,3,0,7,Yes,Yes,XNA,0.795603952,0.563730829,,0.2969,2175,4
12276020,11250,0,0,1,1,0,,2014.2,Alone,Commercial,Secondary,M,Male,CL,Home,0.026392,15934,398,5554,3814,,1,0,1,Laborers,2,2,1,15,Yes,Yes,Business Entity Type 3,0.504616913,0.483650762,0.77008707,0.1577,1000,2
12260756,15750,0,0,1,0,0,90450,2385.9,Relative,Retired,Secondary,M,Male,CL,Home,0.015221,19580,365243,12781,2075,,1,0,1,,2,2,,15,Yes,Yes,XNA,,0.723702615,0.148254379,,368,2
12212758,22500,0,0,1,1,0,36000,4272.3,Alone,Commercial,Secondary,M,Female,CL,,0.002042,9026,305,813,,,1,0,1,Managers,2,3,4,12,Yes,No,Trade: type 3,0.230444295,0.312835242,0.391054977,,808,1
12249440,27000,,0,0,0,0,135000,4536.9,Alone,Retired,Secondary,M,Male,CL,Home,0.026392,23680,365243,11087,4563,1,1,0,0,,2,2,2,16,Yes,Yes,XNA,,0.700461722,0.570916542,0.1299,2172,5
12227095,17100,1,1,0,1,0,54504,2553.75,Alone,Service,Secondary,M,Female,CL,Home,0.030755,17697,5008,8039,1238,2,1,1,1,,2,2,0,11,Yes,Yes,Business Entity Type 2,,0.696833819,0.772631135,0.067,381,0
12243806,11250,1,0,1,0,0,54000,2069.55,Alone,,Secondary,M,Female,CL,Family,0.019101,10896,1749,4983,3558,12,1,0,0,Laborers,2,2,6,12,No,Yes,Business Entity Type 3,0.309005409,0.674793737,0.493862882,,1851,0
12236381,13500,1,0,0,1,0,83538,3312.9,Alone,Retired,Secondary,S,Male,CL,Home,0.002506,22220,365243,9877,4672,9,1,0,0,,1,2,5,1,Yes,Yes,XNA,0.777013204,0.769040188,,0.0629,896,
12202729,7650,,1,0,0,2,62932.5,3040.65,Relative,Govt Job,Secondary,M,Female,CL,Rental,0.031329,10859,452,,3484,13,1,0,0,Drivers,4,2,2,11,Yes,Yes,Self-employed,,,0.6577838,,,1
12248578,33750,1,1,0,1,,,3207.6,Alone,Commercial,Secondary,M,Male,CL,Home,0.010276,15070,562,559,4666,28,1,0,0,Laborers,3,2,1,17,Yes,Yes,Other,,0.607582674,0.468659655,0.0515,1047,3
12200854,11250,0,0,0,1,2,29628,2169,Alone,Service,Graduation,M,Female,CL,Home,0.035792,13795,3677,3907,4586,,1,0,0,High skill tech,4,2,0,13,Yes,Yes,Self-employed,,0.596118054,,,0,4
12254346,18000,1,0,0,1,0,77029.2,3067.65,Partner,Service,Secondary,M,Female,CL,Home,0.020713,13918,1533,131,1954,17,1,0,0,,2,3,2,9,No,Yes,Business Entity Type 3,0.389768706,0.585216495,0.438281374,0.0165,6,2
12239318,,0,0,1,1,0,36000,2405.7,Alone,Service,Graduation,D,Female,CL,,0.04622,17201,150,9786,700,,1,1,0,,,1,4,,Yes,No,Business Entity Type 3,,,0.394495405,,251,0
12213992,9900,0,1,0,1,0,10188,1056.6,Alone,Service,Secondary,M,Male,CL,Home,0.01885,19908,10691,9455,3431,,1,1,0,Medicine,2,2,2,11,Yes,Yes,Medicine,,0.71447115,0.667457742,,2405,2
12250309,6750,1,0,0,0,0,20250,1012.5,Alone,Service,Graduation,S,Male,RL,Home,0.015221,9831,1113,9804,2516,6,1,1,1,Laborers,1,,1,16,Yes,Yes,Other,0.495280451,0.372963899,0.082268508,0.2485,1794,2
12230488,9450,,0,1,1,0,25979.4,2740.95,Alone,Retired,Secondary,M,Male,CL,Home,0.01885,20201,365243,4220,2338,,1,0,0,,2,2,5,10,Yes,Yes,XNA,0.529974765,0.582528091,0.67224289,,134,0
12217817,27000,0,0,1,,0,157500,4331.25,Alone,Commercial,Graduation,S,Male,CL,Home,0.028663,15549,2839,683,4171,,1,1,0,Managers,1,2,0,17,Yes,Yes,Business Entity Type 3,0.537357355,0.676494987,0.643025564,0.101,1925,0
12206360,36000,1,0,0,0,2,47970,5037.3,Alone,Commercial,Secondary,M,Female,CL,Home,0.04622,19937,2545,10076,3497,13,1,0,1,Laborers,4,1,5,11,No,No,Business Entity Type 3,,0.714654017,0.450747282,,2165,1
12242002,11250,0,0,0,0,0,34380,1685.25,Alone,Retired,Secondary,M,Male,CL,Family,0.008625,14394,365243,8227,2256,,1,0,0,,2,2,0,11,Yes,Yes,XNA,0.410821573,0.425414664,,,412,5
12258312,29250,1,0,0,0,0,163624.5,4512.6,Alone,Commercial,Graduation,D,Female,CL,Home,0.010147,15078,562,501,5129,3,1,1,0,Sales,1,2,5,15,Yes,Yes,Business Entity Type 3,,0.695307167,0.197474512,0.0371,56,0
12244472,18000,1,0,1,1,1,43603.2,,Alone,Service,Graduation,M,Female,,Home,0.019101,10902,1151,4537,3493,13,1,0,0,Drivers,3,2,2,14,No,Yes,Industry: type 4,,0.73409402,0.295582642,,704,1
12258779,9000,0,0,1,1,1,55885.5,,Alone,Service,Secondary,M,Male,CL,Home,0.035792,13234,2421,1977,1955,,1,0,0,Laborers,3,2,0,12,Yes,Yes,Business Entity Type 2,0.440800719,0.535406276,0.492060094,,1,1
12200897,17550,0,0,1,1,0,22500,1450.8,Kids,Service,Secondary,W,Male,CL,Home,0.026392,21508,197,10875,4402,,1,0,0,Laborers,1,2,3,14,Yes,Yes,Business Entity Type 3,,0.627438429,0.283711883,0.5948,144,5
12208343,13770,0,1,1,0,0,80798.4,2462.85,Alone,Service,Secondary,W,Male,CL,Home,0.008575,20165,481,11473,3597,,1,0,0,Laborers,1,2,2,17,Yes,Yes,Construction,,,0.646329898,0.0619,9,0
12238127,18000,1,0,,1,0,55358.1,3550.95,Alone,Service,Secondary,M,Male,CL,Home,0.016612,15994,3516,3578,2788,10,1,0,0,,2,2,3,10,Yes,Yes,,,0.475660649,,,1654,2
12214572,15750,1,0,1,1,0,45000,2250,Alone,Service,Graduation,M,Female,RL,Home,0.009549,23156,892,1805,2966,14,1,0,0,,2,2,3,9,Yes,No,Security,,0.648525065,,,63,5
12278103,27000,1,1,0,0,1,67500,2193.75,Alone,Commercial,Graduation,M,Female,CL,Home,0.020713,11495,2304,4897,3800,13,1,0,0,Core,3,2,5,7,Yes,Yes,Government,0.39971343,0.483863746,0.524496446,0.2186,234,3
12278503,16650,0,0,1,1,,64442.7,3508.65,Alone,Commercial,Secondary,M,Female,CL,Home,0.018634,11148,795,10569,,,1,0,0,Laborers,2,2,6,11,No,No,Business Entity Type 3,,0.3015457,0.23791608,,1475,2
12255339,18000,0,0,0,1,0,144000,4521.6,Alone,Commercial,Graduation,M,Male,CL,Home,0.030755,10809,3116,838,1319,,1,1,1,Managers,2,2,2,11,Yes,Yes,Trade: type 3,0.429219458,0.678635267,0.463275328,0.0995,1285,
12238150,45000,1,0,0,0,0,44776.8,4531.95,Alone,Service,Graduation,M,Female,CL,Home,0.032561,17488,2134,5688,1035,1,1,0,1,HR,2,1,6,17,Yes,Yes,Business Entity Type 3,,0.774852955,,0.0567,3,0
12258749,36000,0,0,0,0,1,137250,4026.15,Alone,Service,Secondary,M,Female,CL,Home,0.035792,14362,5979,7474,4835,,1,0,0,Drivers,3,2,0,16,Yes,Yes,Other,,0.294042053,0.588487788,,49,2
12206838,13500,0,0,0,,1,25470,2532.15,Alone,Commercial,Secondary,D,,CL,Home,0.006008,14320,750,6659,,,1,0,0,Cleaning,2,2,4,14,Yes,No,Business Entity Type 3,0.348614101,0.639728198,,0.0619,1368,4
12274956,9000,0,0,1,,2,18201.6,1197.9,Alone,Service,Secondary,M,Male,CL,Home,0.0228,12777,216,4859,5347,,1,0,1,Security,4,2,2,14,No,Yes,Business Entity Type 3,,0.571009215,0.230158897,,913,0
12218590,10350,1,1,0,1,2,18000,900,Relative,Service,Secondary,D,Male,RL,Home,0.01885,11008,208,539,3119,14,1,0,0,Cooking,3,2,2,15,Yes,No,Business Entity Type 3,0.345635222,0.179434565,0.2881296,,333,4
12218924,13500,0,0,1,1,0,53366.85,2101.05,Alone,Retired,Secondary,W,Male,CL,Municipal,0.018029,20226,365243,5358,3522,,1,0,0,,1,3,5,8,Yes,Yes,XNA,,0.062506301,0.401407414,,0,7
12273016,11250,1,1,,1,0,15282,1501.65,Alone,Service,Secondary,,Male,CL,Home,0.031329,14705,3264,6739,4141,11,1,0,0,Core,2,2,6,12,Yes,Yes,Trade: type 3,,0.599005101,0.670651753,,1405,0
12246521,,0,0,1,1,0,35179.2,1921.5,Relative,Retired,Secondary,M,,CL,Home,0.016612,21121,365243,8794,4229,,1,0,0,,2,2,5,11,Yes,Yes,XNA,,0.555280365,0.227612915,,328,2
12204021,9000,1,0,1,1,0,54504,2553.75,Relative,Commercial,Secondary,M,Female,CL,Home,0.014464,14485,518,6835,4987,23,1,1,1,,2,2,5,9,Yes,Yes,Business Entity Type 3,,0.767939168,0.595456203,,954,3
12275785,31500,1,1,1,1,0,109602,5958.9,Alone,Service,Secondary,W,Female,CL,Home,0.04622,11400,2456,798,,1,1,0,0,Laborers,1,1,4,13,Yes,Yes,Government,0.690262835,0.672813535,0.425892898,0.2041,588,2
12214649,18000,1,0,0,1,0,106159.95,3117.15,Alone,Govt Job,Secondary,M,Female,CL,Home,0.035792,21743,551,968,1682,21,1,0,0,Drivers,2,2,4,10,Yes,Yes,Government,,0.656571653,,,,
12219421,13500,1,0,1,1,0,27000,1350,Alone,Service,Graduation,S,Female,RL,Home,0.01452,19515,2166,4732,3057,9,1,0,0,Drivers,1,2,3,10,Yes,Yes,Industry: type 9,0.6401186,0.262999453,,0.1381,499,2
12251886,13500,1,0,0,1,4,59256,3227.4,Relative,Service,Secondary,M,Male,CL,Home,,14051,1685,6657,,1,1,0,0,Cleaning,6,1,4,10,No,Yes,Industry: type 3,,,0.244516392,,1276,3
12207946,13500,0,0,0,1,0,104256,4070.25,Alone,Service,Graduation,M,Male,CL,Home,0.035792,14575,2511,3003,4969,,1,0,0,Sales,2,2,3,13,No,No,Self-employed,,0.355125644,0.144648146,,1510,3
12274909,11250,0,0,0,0,0,57362.85,2197.8,,Commercial,Secondary,S,Female,CL,Home,0.00702,12064,201,302,303,,1,1,0,Drivers,1,2,2,11,Yes,Yes,Business Entity Type 3,,0.181056563,,,2,
12201439,54000,0,0,0,1,0,92226.6,4450.05,Relative,Commercial,Secondary,,Female,CL,Home,0.04622,13480,440,173,599,,1,0,0,,2,1,2,10,No,Yes,Business Entity Type 3,0.324266313,0.486922586,0.124519471,,0,0
12218727,22500,0,0,1,1,0,94858.2,2786.4,Relative,Service,Secondary,W,Male,CL,Home,0.04622,17063,,2468,615,,1,0,0,Medicine,1,1,2,12,Yes,Yes,Medicine,,0.757568735,0.72094415,0.0062,819,2
12204847,22500,0,0,1,1,0,32400,1822.05,Relative,Govt Job,Secondary,D,Male,CL,Home,0.028663,17210,6400,3347,759,,1,0,0,Core,1,2,6,9,Yes,Yes,Kindergarten,0.686740496,0.660838794,0.704706423,0.0959,1622,1
12215794,8100,0,0,1,1,0,23985,2718.9,Alone,Service,Secondary,M,Male,CL,Home,0.009175,19799,2583,13299,1522,,1,0,0,Medicine,2,2,2,11,Yes,Yes,Medicine,,0.278782134,0.771361592,,1196,1
12230094,15750,1,1,1,1,0,38250,1912.5,Alone,Service,Secondary,W,Male,RL,Home,0.003813,19881,4994,9218,,13,1,0,0,,1,2,4,8,Yes,Yes,Self-employed,,0.351044839,0.328063161,,1136,4
12240890,15750,0,0,0,0,0,27000,2907.9,Alone,Commercial,Secondary,S,Female,CL,Family,0.007274,11100,715,2544,2545,,1,1,0,,1,2,4,13,No,No,Transport: type 4,0.303444867,0.697521708,0.6577838,,564,1
12202884,18000,0,0,0,1,0,72846,3893.85,Alone,Commercial,Graduation,D,Male,CL,Home,0.011703,20346,11265,9563,3726,,1,0,1,Managers,1,2,4,12,Yes,Yes,Business Entity Type 2,0.807819179,0.57849165,0.676992503,0.1057,1250,1
12260134,13500,0,1,,1,0,72311.4,2829.15,Alone,Commercial,Secondary,M,Male,CL,,0.072508,21734,368,5820,5267,,1,1,1,Cleaning,2,1,6,,Yes,Yes,School,,0.585922297,0.502878277,0.3567,1749,2
12249007,8100,0,0,0,1,0,,675,Alone,Service,Secondary,D,Male,RL,Home,0.020246,18005,965,8119,,,1,0,0,,1,3,3,8,Yes,Yes,Other,0.759803986,0.256511774,0.084473138,0.1237,989,4
12253572,20700,1,0,0,1,0,73331.55,3906.9,Alone,Retired,Graduation dropout,M,Male,CL,Home,0.003818,23229,365243,5372,4411,22,1,0,1,,2,2,6,2,Yes,Yes,XNA,,0.165744222,,0.0371,552,1
12232070,26132.85,1,1,0,0,0,64152.9,,Alone,Service,Secondary,M,Female,CL,Home,0.020246,15274,1413,90,4640,8,1,0,1,Laborers,2,3,2,12,Yes,No,Business Entity Type 2,,0.783427944,0.234015167,,616,3
12228265,6750,0,0,0,1,1,27000,1817.1,Kids,Commercial,Secondary,M,Male,CL,,0.01885,10121,289,10105,2775,,1,1,0,,3,2,5,13,Yes,Yes,Business Entity Type 3,,0.646653607,,0.033,493,
12227484,6750,0,1,1,0,0,8086.5,704.7,Alone,Service,Secondary,S,Female,CL,Rental,0.014464,10171,1012,4314,2669,,1,1,1,Laborers,1,2,4,3,No,Yes,Business Entity Type 3,,0.146043631,,,351,
12262206,10350,0,1,0,1,0,22500,861.3,Alone,Govt Job,Secondary,M,Male,CL,Home,0.006207,13235,1076,6559,4629,,1,1,1,Managers,2,2,4,9,Yes,Yes,Government,,0.121564594,0.524496446,,265,1
12211860,11250,0,1,0,1,0,86256,2795.4,Alone,Commercial,Graduation dropout,M,Female,CL,Home,0.00702,19437,4882,4798,2939,,1,1,0,Security,2,2,3,10,Yes,Yes,Business Entity Type 3,,0.642374931,0.719490785,,626,2
12269240,18000,0,0,0,0,0,67500,2177.55,Relative,Service,Secondary,M,Male,CL,Home,0.026392,10394,315,1380,2408,,1,1,1,Security,2,2,2,18,Yes,No,Security,0.302093869,0.632123973,0.569148771,0.0619,651,0
12246719,7200,0,0,1,0,0,71936.55,3168.45,Alone,,Secondary,M,Male,CL,Home,0.006008,22894,365243,7067,4473,,1,0,0,,2,2,1,13,Yes,Yes,XNA,,0.690622018,0.806149281,0.0608,1606,1
12275506,49500,0,1,0,0,0,135000,5354.1,Alone,Service,Graduation,M,Male,CL,Home,0.019101,20810,2371,6173,4112,,1,1,1,Sales,2,2,2,15,Yes,Yes,Trade: type 7,,0.633191207,0.382501804,,1979,6
12201788,33750,0,0,0,0,1,40500,4374.9,Alone,Commercial,Graduation,M,Female,CL,Home,0.00702,11221,1047,8211,3912,,1,1,0,Laborers,3,2,1,15,No,No,Construction,0.640092128,0.600081394,0.553164699,,1997,3
12209158,14400,0,1,1,1,0,59256,3593.7,Alone,Service,Secondary,M,Male,CL,Home,0.028663,20201,2280,7639,3174,,1,1,1,,2,2,4,12,Yes,No,Government,0.742393377,0.636638014,0.619527708,,1863,4
12266866,13500,0,0,1,0,0,22500,2423.25,Alone,Service,Secondary,S,Female,CL,Home,,18766,1563,9866,2289,,1,1,0,Security,1,2,0,11,Yes,Yes,Business Entity Type 3,,0.615809851,0.546023197,,1880,2
12228312,13500,0,1,0,1,0,107820,3833.1,Kids,Govt Job,Secondary,M,Male,CL,Home,0.04622,16538,904,10648,,,1,0,0,Core,2,1,3,15,Yes,No,Culture,,0.643469336,0.379100485,0.0722,937,3
12224040,18000,0,0,0,1,0,102474,4929.75,Alone,Retired,Secondary,M,Male,CL,Home,0.072508,20856,365243,11067,4253,,1,0,1,,2,1,2,11,Yes,Yes,XNA,,0.715509433,0.517296581,0.2948,2381,0
12236178,13500,0,,1,1,1,45450,,Alone,Commercial,Secondary,M,Male,CL,Home,0.019101,9959,1422,4302,1007,,1,1,1,Secretaries,3,2,0,0,Yes,Yes,Trade: type 3,0.356158462,0.646428728,0.317031779,0.0485,534,5
12235208,9000,0,0,1,0,0,88884,2950.65,Alone,Govt Job,Secondary,D,Male,CL,Family,0.003069,19995,3809,7676,3219,,1,0,1,,1,3,2,14,Yes,Yes,Other,,,0.432961667,,1669,7
12201809,7650,1,1,0,1,0,25200,2843.1,Relative,Govt Job,,S,Female,CL,Home,0.028663,11937,630,3529,,12,1,0,0,Laborers,1,2,3,12,Yes,Yes,School,0.327445035,0.393088488,,,0,
12251254,45000,0,0,0,1,0,23985,2846.25,,Commercial,Secondary,D,Male,CL,Home,0.0105,12958,911,632,616,,1,0,0,Core,1,,5,15,Yes,Yes,Realtor,,0.568307385,,,1527,6
12236578,18900,1,1,0,1,2,11138.4,905.85,Alone,Commercial,Secondary,M,Female,CL,Home,0.04622,13838,799,3831,4295,7,1,0,0,Drivers,4,1,6,10,Yes,No,Security,0.576251797,0.529189213,0.089630669,0.0082,795,4
12236201,11250,0,0,1,0,1,,1095.3,Alone,Commercial,Secondary,D,Male,CL,Home,0.028663,14759,727,6610,4390,,1,0,0,Sales,2,2,3,9,Yes,Yes,Transport: type 4,,0.54135175,0.24318648,0.1338,123,6
12270526,31500,1,1,1,1,0,50021.1,5010.75,Alone,Govt Job,Graduation,W,Male,CL,Home,0.006629,16631,2239,3097,109,14,1,0,0,,1,2,5,14,Yes,Yes,Other,,0.712638614,0.528092751,0.04,1891,0
12236171,29250,0,0,0,1,1,65449.8,4404.6,Alone,Commercial,Secondary,M,Male,CL,Home,0.072508,19677,4484,6720,3213,,1,0,0,Laborers,3,,3,10,Yes,Yes,Business Entity Type 3,,0.758479238,0.638043528,0.066,3203,4
12201818,11250,1,0,0,1,1,,2527.65,Alone,,Secondary,M,Male,CL,,0.003813,10176,1331,655,2813,12,1,0,0,Sales,3,2,1,10,Yes,No,Trade: type 7,0.148096278,,,0.1216,888,
12211009,18000,1,0,1,0,2,80553.6,,Alone,Service,Secondary,M,Female,CL,,0.00963,13939,819,6487,2335,12,1,0,0,Drivers,4,2,1,13,No,No,Business Entity Type 3,0.33431017,0.692487814,0.410102573,0.0206,341,1
12271241,24750,0,1,0,1,0,90000,3201.75,Relative,Service,Secondary,M,Female,CL,Home,0.0228,17237,751,788,792,,1,0,0,Drivers,2,2,6,10,Yes,No,Business Entity Type 3,,0.374524983,0.177704072,,1404,4
12276090,20250,0,1,0,0,0,22500,1189.35,Alone,Retired,Secondary,M,Male,CL,Home,0.035792,23930,365243,12761,4744,,1,0,1,,2,2,3,10,Yes,Yes,XNA,,0.68644832,0.149167461,0.0588,219,2
12273745,20250,1,0,1,1,0,49752,3943.8,,Service,Secondary,,Female,CL,Rental,0.019689,8359,369,2863,1022,13,1,0,0,Laborers,2,2,4,11,Yes,No,Business Entity Type 3,0.304817999,0.52483394,0.312365369,,,0
12205779,11250,0,0,1,1,0,57607.2,2814.75,Partner,Service,Secondary,M,Female,CL,Home,0.022625,11418,1896,3668,3659,,1,0,0,Laborers,2,2,3,16,Yes,Yes,Business Entity Type 2,0.119234592,0.213790142,0.515495375,,1284,0
12260596,6300,0,0,0,1,0,9452.7,933.75,Partner,Retired,Secondary,M,Female,,Home,0.031329,23686,365243,10411,4247,,1,0,0,,2,2,0,11,Yes,Yes,XNA,,0.425863726,,0.0608,1732,
12252972,7650,1,1,1,0,2,22500,1094.4,Alone,Service,junior secondary,M,Female,CL,Municipal,0.0105,14096,4710,4717,1522,18,1,0,0,Laborers,4,3,5,14,Yes,Yes,Other,,0.196711683,0.484851475,,1312,1
12256645,24750,1,0,1,1,0,25470,1435.05,Alone,Commercial,Graduation,S,Female,CL,Home,0.04622,23900,1870,12994,4451,2,1,0,0,,1,,4,11,Yes,Yes,Realtor,0.856570787,0.719083489,0.586740009,0.0186,364,4
12272903,31500,0,1,0,1,0,126110.25,5355.9,Alone,Retired,Secondary,W,Male,CL,Home,0.072508,23746,365243,,4605,,1,0,1,,1,1,1,12,Yes,Yes,XNA,0.635663426,0.473730327,0.595456203,0.1879,2130,
12237732,18000,0,1,1,1,1,78713.1,4615.2,Relative,Service,Graduation,M,Male,CL,Home,0.031329,9234,2274,9158,1903,,1,0,0,,3,2,4,8,Yes,Yes,Business Entity Type 2,0.335503353,0.496377395,0.563835049,0.0773,1186,0
12213209,20700,1,0,0,0,1,136459.35,5794.65,Alone,Govt Job,Graduation dropout,M,Female,CL,Home,0.025164,12614,5199,6612,2898,20,1,0,0,Managers,3,2,4,18,Yes,Yes,Police,,0.533942755,0.331250865,0.4103,1,1
12271974,9000,0,0,0,1,2,24750,1237.5,Partner,Commercial,Secondary,M,Male,RL,Home,0.009657,13286,3120,7308,852,,1,0,0,,4,2,2,,Yes,Yes,Self-employed,,0.430677276,0.32647521,,422,3
12212323,24750,0,0,0,0,0,121500,3932.55,Alone,Service,Secondary,M,Male,CL,Home,,19411,2841,5149,2477,,1,0,0,Managers,2,2,2,17,Yes,Yes,Postal,,0.312609645,0.563835049,,0,4
12280465,22500,1,0,0,1,0,39801.6,4223.25,Partner,Service,Secondary,M,Female,CL,Home,0.003069,17945,2077,578,1452,10,1,1,1,Laborers,2,3,2,11,Yes,Yes,Construction,,0.69164898,,,1200,3
12254195,8100,0,0,1,,0,23850,,Alone,Retired,Secondary,M,Male,CL,Home,0.026392,23241,365243,12459,4265,,1,0,0,,2,2,1,18,Yes,Yes,,,0.611096345,0.624614658,,2103,0
12245414,6313.95,0,0,1,1,0,43128,,Alone,Retired,Secondary,M,Male,CL,Home,0.002134,20657,365243,5068,3051,,1,0,0,,2,3,2,5,Yes,Yes,XNA,,,0.54065445,,560,1
12268687,5535,0,,0,1,0,28440,1601.1,Alone,Retired,Secondary,,Female,CL,Home,0.002134,24050,365243,4518,4520,,1,0,0,,,3,2,10,Yes,Yes,XNA,,0.426489409,0.736622698,,0,1
12240881,15750,0,0,0,1,0,72979.2,3959.1,Alone,Service,junior secondary,M,Female,CL,Home,0.010147,17990,2410,2812,,,1,0,1,Security,2,2,3,10,Yes,Yes,Security,0.404186301,0.568285925,,0.0103,813,0
12207645,13500,0,1,0,0,2,154602,4091.4,Relative,Commercial,Graduation,M,Male,CL,Home,0.009175,13302,549,35,3647,,1,1,0,Sales,4,2,4,19,No,Yes,Business Entity Type 3,,0.790807068,0.764939274,,5,0
12271783,27000,1,0,1,,1,208512,7260.75,Alone,Service,Secondary,M,Female,CL,Home,0.072508,15630,2371,,838,4,1,0,0,,3,1,1,15,Yes,Yes,Business Entity Type 3,0.522587856,0.750487737,0.10015182,0.1291,2738,2
12249298,13500,0,0,0,1,0,84095.1,3348,Relative,Retired,Graduation,M,Male,CL,Home,0.00963,22221,365243,9492,5145,,1,0,0,,2,2,5,14,Yes,Yes,XNA,,,0.733814537,,1609,5
12231954,27000,0,0,1,1,1,52128,4093.2,Partner,Commercial,Secondary,M,Female,CL,Home,0.072508,12627,4648,6268,3901,,1,0,0,High skill tech,3,1,6,12,Yes,Yes,Other,,0.710331356,0.572682505,0.0788,2463,3
12236371,27000,1,0,0,0,,133988.4,3930.75,Alone,Commercial,Secondary,S,Male,CL,Home,0.010276,16678,733,1130,228,12,1,0,0,Core,1,2,6,14,Yes,Yes,Trade: type 4,,0.639077788,0.263646813,,2944,2
12263649,15750,0,0,0,1,1,114960.6,3374.1,Alone,Service,Secondary,M,Female,CL,Home,0.035792,12445,449,791,663,,1,0,0,Laborers,3,2,1,9,Yes,No,Self-employed,,0.503588105,0.136800522,,510,0
12251224,11250,0,0,1,0,0,50849.55,2154.15,Alone,Service,Secondary,M,Male,CL,Home,0.010966,16061,3519,8785,4314,,1,1,1,Sales,2,2,0,,Yes,Yes,Industry: type 3,,0.436170696,0.600657537,,1135,4
12210044,15750,0,1,1,0,0,20250,1012.5,Alone,Service,Secondary,M,Male,RL,Municipal,0.011703,13277,794,3303,2813,,1,0,1,Laborers,2,2,1,15,Yes,No,Industry: type 7,0.536467232,0.731653857,0.673830078,0.1227,1850,0
12210536,13050,0,1,0,0,,76022.55,,Relative,Service,Secondary,M,Male,CL,Home,0.005144,11447,1036,3732,2145,,1,0,0,Laborers,2,2,6,12,No,No,Security Ministries,,0.512420115,0.7136314,0.0021,497,1
12236045,21150,0,1,1,1,0,63000,3150,Alone,Service,Graduation,S,Male,RL,Home,0.01885,16902,900,10674,453,,1,0,0,Cleaning,1,2,4,14,Yes,Yes,Industry: type 3,,0.625314609,0.220094645,,160,5
12211795,13500,0,0,0,1,0,27012.6,1202.85,Alone,Retired,Secondary,W,Male,CL,Home,0.035792,22242,365243,9040,4427,,1,0,0,,1,2,1,,Yes,Yes,XNA,0.685230535,0.357281974,0.638043528,,761,3
12273656,6750,1,0,0,1,2,32702.4,1245.6,Alone,Service,Secondary,M,Male,CL,Home,0.015221,10738,2464,4622,1179,17,1,1,1,Laborers,4,2,6,9,Yes,No,Industry: type 9,0.073960158,0.384054035,,,0,
12228008,7650,0,1,0,0,0,,990.9,Alone,Service,Graduation dropout,S,Male,CL,Family,0.025164,11889,5225,4832,3454,,1,1,1,Core,1,2,6,7,Yes,Yes,Kindergarten,,0.259929615,,,1933,
12206336,21150,0,0,0,0,0,48564,4454.1,Alone,Service,Secondary,M,Male,CL,Home,0.072508,10927,2797,2340,2352,,1,1,1,Sales,2,1,3,9,Yes,Yes,Trade: type 7,0.253251789,0.775119888,0.418854289,0.0856,481,1
12212821,9000,0,0,1,0,1,56880,1642.95,Alone,Service,Secondary,M,Male,CL,Home,,15902,7272,3489,5058,,1,0,1,Medicine,3,3,4,8,Yes,Yes,Medicine,,0.641852305,0.188489534,0.0639,4,0
12231223,11250,0,0,0,1,1,72846,4080.6,Alone,Service,Secondary,M,Female,CL,Home,0.018634,20095,1996,8910,2054,,1,0,0,Laborers,3,2,4,13,Yes,No,Construction,,0.42287766,,,0,
12235181,20250,0,1,1,0,0,88884,2950.65,Alone,Commercial,Secondary,D,Male,CL,Municipal,0.04622,23788,2285,10953,3882,,1,0,1,Cleaning,1,1,0,13,Yes,Yes,Other,,0.730109724,0.865895915,0.0701,162,0
12206367,45000,1,0,0,1,0,128835,3779.55,Alone,Commercial,Graduation,M,Male,CL,Home,0.025164,16521,2253,1852,46,5,1,0,1,,2,2,6,11,Yes,Yes,Medicine,,0.658201899,0.342528872,0.1536,1026,2
12217597,22500,0,0,1,1,0,49500,4712.85,Alone,Service,Graduation,M,Male,CL,Home,0.001417,15841,1418,,1439,,1,0,0,Managers,2,2,0,12,Yes,Yes,Self-employed,0.719539688,0.497006061,0.736622698,,1549,2
12205149,31500,0,1,0,1,1,27000,1350,Alone,Commercial,Graduation dropout,M,Female,RL,Home,0.007305,10993,1480,268,3615,,1,0,0,Sales,3,3,6,10,Yes,Yes,Transport: type 4,0.385128193,0.68437366,0.510089528,,1503,2
12231923,13500,0,1,1,1,0,32702.4,1187.55,Relative,Retired,Graduation,M,Male,CL,Home,0.00733,21982,365243,12241,4762,,1,0,0,,2,2,0,10,Yes,Yes,XNA,,0.732374535,0.362277247,0.0124,2004,5
12237155,54000,1,0,0,1,1,72846,,Alone,,Graduation,M,Female,CL,Home,0.032561,15522,2681,224,2961,6,1,0,0,,3,1,1,15,Yes,Yes,Business Entity Type 3,0.647196263,0.700810306,0.477649155,0.1871,615,0
12236425,6750,0,0,1,1,0,14220,882.9,Alone,Service,Secondary,M,Male,CL,,0.019101,18571,11788,5026,2116,,1,0,0,Laborers,2,2,5,11,Yes,Yes,Industry: type 11,,0.610113663,0.652896552,,0,2
12221494,11250,1,1,1,1,0,31852.8,2048.4,Alone,Service,Secondary,S,Male,CL,Rental,0.020246,10033,232,4141,2402,17,1,0,0,Sales,1,3,2,12,Yes,Yes,Business Entity Type 3,0.507082794,0.221693285,0.636376171,0.0619,0,5
12231075,51750,1,0,,0,2,75474,2003.85,Alone,Commercial,Secondary,M,Female,CL,Home,0.072508,10374,2861,1568,3049,4,1,0,1,Managers,4,1,3,14,Yes,Yes,Business Entity Type 3,,0.285897872,0.401407414,0.3062,1136,1
12225485,15750,0,0,0,0,0,23941.8,1464.75,Alone,Commercial,Graduation,D,Male,CL,Home,0.035792,20662,,6791,4225,,1,0,0,,1,2,2,17,Yes,Yes,,,0.696071033,0.450747282,0.0928,1142,1
12251594,13500,0,1,0,0,2,78192,3992.4,Alone,Service,Secondary,M,Female,CL,Home,0.008019,13634,,6200,4975,,1,0,0,Laborers,4,2,1,10,No,Yes,Business Entity Type 3,0.578451921,0.630021308,0.360612566,,582,0
12233188,6750,,1,1,1,1,9594,1030.95,Alone,Service,Secondary,M,Male,CL,Home,0.0105,12036,1387,1240,3828,3,1,1,1,Laborers,3,3,2,9,Yes,No,Business Entity Type 3,,0.601004661,0.310818254,,1795,2
12256892,9000,0,1,1,1,1,27000,1350,Alone,Service,Secondary,M,Male,RL,Home,0.022625,14562,370,73,5005,,1,0,0,Laborers,3,2,6,15,Yes,Yes,Business Entity Type 1,0.628749295,0.60555266,0.553164699,0.1557,1413,0
12244326,12150,0,0,0,1,0,29628,2169,Alone,Service,Secondary,M,Male,CL,Home,0.00702,20050,597,2715,3608,,1,0,0,Laborers,2,2,2,11,Yes,No,Business Entity Type 3,0.706087631,0.437042096,0.352339973,,1417,4
12238730,13500,1,1,0,1,0,15127.2,748.8,Alone,Commercial,Secondary,M,Female,CL,Home,0.020246,20532,2821,7511,8,6,1,0,1,Drivers,2,3,4,7,Yes,Yes,Self-employed,0.708736883,0.477880869,0.226347396,,0,0
12216501,36000,0,0,0,1,0,45000,2297.7,Relative,Retired,Secondary,M,Male,CL,Home,0.01885,23195,365243,13276,4368,,1,0,0,,2,2,5,14,Yes,Yes,XNA,,,0.626304277,,801,3
12228851,15750,0,0,1,,0,33750,2666.25,Alone,Service,Secondary,S,Female,CL,Home,0.026392,8076,1003,1581,763,,1,1,0,Cooking,1,2,1,18,Yes,Yes,Business Entity Type 3,,0.0848739,,0.1485,116,2
12210667,13050,0,0,1,0,1,24727.5,1771.65,Alone,Service,Secondary,M,Female,CL,Home,,12565,2859,6698,3920,,1,0,1,Laborers,3,2,0,12,Yes,Yes,Construction,0.681872975,0.162144568,0.558506628,0.4402,2095,1
12248843,11250,1,,1,0,1,54504,1784.25,Alone,Service,Secondary,M,Male,CL,Home,0.010276,11053,3044,5135,3024,12,1,0,0,Cooking,3,2,4,15,Yes,Yes,Medicine,,0.61903304,0.553164699,0.2268,1,
